,,,,,,,,,,,,,,,,,,,,,,,,,,,
,,,,Inflation Rate: 1.00 for Hitters / 1.00 for Pitchers,,,,,,,,,,,,Set your view options below:,,,,,,,,,,,
,,,,,,,,,,,,,,,,,,,,,,,,,,,
,Bidding Team,,,,,,,,,,,,,,,Sort by Original Projected Auction Value,,,,,,,,,,,
,Player Auctioned,,,,,,,,,,,,,,,Show All Positions,,,,,,,,,,,
,Winning Bid $,,,,,,,,,,,,,,,Show Drafted Players,,,,,,,,,,,
,,(0 total players drafted),,,,,,,,,,,,,,Show Stats,,,,,,,,,,,
,,,,,,,,,,,,,,,,,,,,,,,,,,,
,,,Name,,,,,,Proj $ Value,Inflated Proj $,Site $ Value,Inflated Site $,,,,W,Sv + Hld,K,ERA,WHIP,,,,,,,
Drafted By,Cost,,(Clicking on an undrafted player moves them to the box above),Note,Age,Tm,Main Pos,Other Elig Pos,,,,,Exp Rank,Total WERTH,Pos Adj WERTH,OBP,HR,2B + 3B,R + RBI - HR,SB,,,,,,,
,,,Tarik Skubal,,29,DET,SP,,$49,$49,$30,$30,7,13.0,14.9,15,0,237,2.75,0.95,,,,,,,
,,,Shohei Ohtani,,31,LAD,DH,SP,$46,$46,$47,$47,1,11.4,13.5,.390,46,31,192,24,,,,,,,
,,,Bobby Witt Jr.,,25,KC,SS,,$40,$40,$31,$31,3,8.8,11.8,.348,28,44,157,33,,,,,,,
,,,Paul Skenes,,23,PIT,SP,,$38,$38,$23,$23,11,9.5,11.5,14,0,223,2.86,1.04,,,,,,,
,,,Garrett Crochet,,26,BOS,SP,,$38,$38,$22,$22,14,9.5,11.4,14,0,234,2.96,1.04,,,,,,,
,,,José Ramírez,,33,CLE,3B,,$37,$37,$23,$23,5,6.4,10.9,.357,28,35,149,31,,,,,,,
,,,Corbin Carroll,Inj,25,ARI,OF,,$37,$37,$21,$21,17,8.2,10.8,.353,27,40,160,34,,,,,,,
,,,Juan Soto,,27,NYM,OF,,$36,$36,$30,$30,4,7.8,10.4,.414,36,25,163,23,,,,,,,
,,,Aaron Judge,,33,NYY,OF,,$34,$34,$38,$38,2,7.3,9.9,.419,43,25,165,9,,,,,,,
,,,Vladimir Guerrero Jr.,,26,TOR,1B,,$33,$33,$22,$22,16,5.1,9.5,.380,31,33,157,5,,,,,,,
,,,Elly De La Cruz,,24,CIN,SS,,$32,$32,$20,$20,8,6.4,9.4,.341,24,36,152,40,,,,,,,
,,,Gunnar Henderson,,24,BAL,SS,,$30,$30,$21,$21,13,5.8,8.8,.350,27,38,151,23,,,,,,,
,,,Freddie Freeman,,36,LAD,1B,,$28,$28,$14,$14,50,3.9,8.3,.384,22,35,145,7,,,,,,,
,,,Bryan Woo,,26,SEA,SP,,$28,$28,$16,$16,42,6.6,8.6,13,0,184,3.28,1.03,,,,,,,
,,,Cristopher Sánchez,,29,PHI,SP,,$27,$27,$14,$14,29,6.2,8.1,14,0,191,3.18,1.11,,,,,,,
,,,Logan Webb,,29,SF,SP,,$25,$25,$12,$12,46,5.6,7.5,14,0,197,3.21,1.15,,,,,,,
,,,Fernando Tatis Jr.,,27,SD,OF,,$24,$24,$21,$21,12,4.4,7.0,.359,29,29,148,25,,,,,,,
,,,Kyle Tucker,,29,LAD,OF,,$24,$24,$21,$21,10,4.3,6.9,.368,28,30,144,21,,,,,,,
,,,Julio Rodríguez,,25,SEA,OF,,$24,$24,$24,$24,9,4.3,6.9,.330,30,31,154,26,,,,,,,
,,,Bryce Harper,,33,PHI,1B,,$23,$23,$14,$14,34,2.4,6.7,.363,26,32,132,10,,,,,,,
,,,Matt Olson,,31,ATL,1B,,$23,$23,$11,$11,35,2.3,6.7,.348,31,32,146,1,,,,,,,
,,,Ronald Acuña Jr.,,28,ATL,OF,,$23,$23,$26,$26,6,4.0,6.6,.385,27,26,144,23,,,,,,,
,,,Cal Raleigh,,29,SEA,C,,$22,$22,$14,$14,19,1.7,6.4,.358,38,22,141,8,,,,,,,
,,,Jackson Chourio,,21,MIL,OF,,$22,$22,$17,$17,20,3.7,6.3,.324,24,38,141,23,,,,,,,
,,,Pete Alonso,,31,BAL,1B,,$22,$22,$16,$16,23,2.0,6.3,.329,37,29,150,2,,,,,,,
,,,Rafael Devers,,29,SF,1B,,$22,$22,$11,$11,38,1.9,6.3,.351,31,30,143,2,,,,,,,
,,,Maikel Garcia,,25,KC,2B,"3B,SS",$21,$21,$10,$10,76,2.3,6.2,.343,13,35,132,27,,,,,,,
,,,Junior Caminero,,22,TB,3B,,$21,$21,$19,$19,15,1.5,6.1,.333,37,26,147,6,,,,,,,
,,,Nick Kurtz,,22,ATH,1B,,$20,$20,$16,$16,18,1.6,5.9,.351,35,27,139,3,,,,,,,
,,,Logan Gilbert,,28,SEA,SP,,$20,$20,$13,$13,39,4.2,6.2,12,0,182,3.34,1.07,,,,,,,
,,,Jarren Duran,,29,BOS,OF,,$20,$20,$10,$10,64,3.3,5.9,.344,16,40,133,22,,,,,,,
,,,Francisco Lindor,Inj,32,NYM,SS,,$19,$19,$14,$14,25,2.7,5.6,.331,26,30,144,23,,,,,,,
,,,Zack Wheeler,Inj,35,PHI,SP,,$19,$19,$10,$10,128,3.9,5.9,11,0,167,3.21,1.04,,,,,,,
,,,Max Fried,,32,NYY,SP,,$19,$19,$12,$12,47,3.9,5.9,14,0,170,3.28,1.15,,,,,,,
,,,Brent Rooker,,31,ATH,OF,,$19,$19,$17,$17,40,3.0,5.6,.340,32,33,148,6,,,,,,,
,,,James Wood,,23,WSN,OF,,$19,$19,$12,$12,32,3.0,5.6,.355,26,33,133,16,,,,,,,
,,,William Contreras,,28,MIL,C,,$19,$19,$6,$6,62,0.9,5.6,.382,19,27,135,6,,,,,,,
,,,Chris Sale,,36,ATL,SP,,$19,$19,$13,$13,37,3.8,5.7,11,0,182,3.26,1.07,,,,,,,
,,,Hunter Brown,,27,HOU,SP,,$19,$19,$10,$10,36,3.7,5.7,13,0,198,3.38,1.15,,,,,,,
,,,Jacob deGrom,,37,TEX,SP,,$19,$19,$12,$12,43,3.7,5.6,10,0,171,3.37,1.05,,,,,,,
,,,Mookie Betts,,33,LAD,SS,,$18,$18,$12,$12,41,2.4,5.4,.357,23,32,145,9,,,,,,,
,,,Pete Crow-Armstrong,,23,CHC,OF,,$18,$18,$15,$15,33,2.8,5.3,.298,24,34,140,33,,,,,,,
,,,Ketel Marte,,32,ARI,2B,,$17,$17,$14,$14,26,1.7,5.1,.361,26,32,133,5,,,,,,,
,,,Trea Turner,,32,PHI,SS,,$17,$17,$15,$15,24,2.1,5.1,.337,18,32,134,27,,,,,,,
,,,Kyle Schwarber,,32,PHI,DH,,$17,$17,$18,$18,21,2.5,5.0,.356,41,21,153,7,,,,,,,
,,,Josh Naylor,,28,SEA,1B,,$17,$17,$10,$10,58,0.6,4.9,.348,23,27,130,18,,,,,,,
,,,Zach Neto,,25,LAA,SS,,$16,$16,$14,$14,30,1.8,4.8,.315,27,32,129,26,,,,,,,
,,,Yoshinobu Yamamoto,,27,LAD,SP,,$16,$16,$12,$12,28,3.0,5.0,12,0,177,3.34,1.13,,,,,,,
,,,Geraldo Perdomo,,26,ARI,SS,,$16,$16,$8,$8,72,1.6,4.6,.367,13,31,132,21,,,,,,,
,,,George Kirby,,28,SEA,SP,,$16,$16,$10,$10,56,2.9,4.8,11,0,163,3.49,1.08,,,,,,,
,,,Cole Ragans,,28,KC,SP,,$16,$16,$10,$10,45,2.9,4.8,10,0,184,3.29,1.11,,,,,,,
,,,Wyatt Langford,,24,TEX,OF,,$15,$15,$11,$11,48,1.8,4.4,.345,23,31,128,21,,,,,,,
,,,CJ Abrams,,25,WSN,SS,,$15,$15,$9,$9,60,1.4,4.3,.300,20,35,129,30,,,,,,,
,,,Manny Machado,,33,SD,3B,,$15,$15,$11,$11,31,-0.3,4.3,.333,26,27,133,9,,,,,,,
,,,Vinnie Pasquantino,,28,KC,1B,,$15,$15,$9,$9,70,-0.1,4.3,.332,27,32,129,1,,,,,,,
,,,Mason Miller,,27,SD,RP,,$14,$14,$10,$10,53,0.7,4.1,4,32,105,2.51,0.97,,,,,,,
,,,Dylan Cease,,30,TOR,SP,,$13,$13,$7,$7,65,2.1,4.1,12,0,210,3.60,1.18,,,,,,,
,,,Matt Chapman,,32,SF,3B,,$13,$13,$6,$6,135,-0.7,3.8,.332,23,29,126,8,,,,,,,
,,,Nathan Eovaldi,,36,TEX,SP,,$13,$13,$8,$8,121,2.0,3.9,10,0,143,3.44,1.08,,,,,,,
,,,Framber Valdez,,32,DET,SP,,$13,$13,$8,$8,74,2.0,3.9,13,0,175,3.41,1.21,,,,,,,
,,,Hunter Greene,,26,CIN,SP,,$13,$13,$10,$10,44,1.9,3.8,10,0,189,3.71,1.10,,,,,,,
,,,Roman Anthony,,21,BOS,OF,,$12,$12,$8,$8,49,0.9,3.5,.371,18,32,125,9,,,,,,,
,,,Spencer Torkelson,,26,DET,1B,,$12,$12,$5,$5,162,-0.8,3.5,.320,27,29,133,2,,,,,,,
,,,Riley Greene,,25,DET,OF,,$12,$12,$12,$12,54,0.8,3.4,.344,28,29,142,3,,,,,,,
,,,Yandy Díaz,,34,TB,1B,,$12,$12,$8,$8,100,-0.9,3.4,.365,20,28,123,2,,,,,,,
,,,Jesús Luzardo,,28,PHI,SP,,$11,$11,$8,$8,68,1.5,3.5,12,0,190,3.66,1.17,,,,,,,
,,,Joe Ryan,Inj,29,MIN,SP,,$11,$11,$9,$9,63,1.5,3.4,11,0,178,3.80,1.10,,,,,,,
,,,Alex Bregman,,31,CHC,3B,,$11,$11,$6,$6,92,-1.2,3.3,.340,21,29,125,2,,,,,,,
,,,Austin Riley,,28,ATL,3B,,$11,$11,$11,$11,51,-1.3,3.3,.319,26,30,126,3,,,,,,,
,,,Willy Adames,,30,SF,SS,,$11,$11,$7,$7,106,0.3,3.2,.329,26,28,137,11,,,,,,,
,,,Yordan Alvarez,,28,HOU,OF,,$11,$11,$16,$16,27,0.6,3.2,.387,28,28,118,3,,,,,,,
,,,Tyler Soderstrom,,24,ATH,1B,OF,$11,$11,$7,$7,89,-1.6,3.2,.326,25,28,118,5,,,,,,,
,,,Sonny Gray,,36,BOS,SP,,$11,$11,$7,$7,109,1.3,3.2,11,0,181,3.66,1.16,,,,,,,
,,,Michael Busch,,28,CHC,1B,,$11,$11,$5,$5,97,-1.2,3.1,.329,26,28,125,3,,,,,,,
,,,Ian Happ,,31,CHC,OF,,$10,$10,$6,$6,150,0.4,3.0,.344,22,31,131,8,,,,,,,
,,,Hunter Goodman,,26,COL,C,,$10,$10,$6,$6,84,-1.7,3.0,.305,28,31,119,2,,,,,,,
,,,Nico Hoerner,,28,CHC,2B,,$10,$10,$6,$6,96,-0.4,3.0,.332,8,31,126,26,,,,,,,
,,,Brice Turang,,26,MIL,2B,,$10,$10,$8,$8,57,-0.4,3.0,.331,14,28,125,27,,,,,,,
,,,Ceddanne Rafaela,,25,BOS,2B,OF,$10,$10,$5,$5,145,-1.0,2.9,.297,17,32,123,21,,,,,,,
,,,Jazz Chisholm Jr.,,28,NYY,2B,3B,$10,$10,$13,$13,22,-1.0,2.9,.316,27,20,123,30,,,,,,,
,,,Eugenio Suárez,,34,CIN,3B,,$10,$10,$9,$9,90,-1.7,2.9,.304,34,24,133,3,,,,,,,
,,,Jakob Marsee,,24,MIA,OF,,$10,$10,$3,$3,140,0.3,2.9,.323,14,31,117,34,,,,,,,
,,,Edwin Díaz,,31,LAD,RP,,$10,$10,$8,$8,52,-0.5,2.9,4,40,93,3.09,1.06,,,,,,,
,,,Cade Smith,,26,CLE,RP,,$9,$9,$8,$8,82,-0.6,2.8,4,31,93,2.87,1.06,,,,,,,
,,,Jose Altuve,,35,HOU,2B,OF,$9,$9,$7,$7,99,-1.2,2.7,.343,20,26,122,12,,,,,,,
,,,Jackson Merrill,,22,SD,OF,,$9,$9,$10,$10,59,0.1,2.7,.325,22,35,125,6,,,,,,,
,,,Bo Bichette,,27,NYM,SS,,$9,$9,$10,$10,78,-0.3,2.7,.337,18,32,132,5,,,,,,,
,,,Randy Arozarena,,30,SEA,OF,,$9,$9,$8,$8,83,0.1,2.7,.312,22,28,132,24,,,,,,,
,,,Shea Langeliers,,28,ATH,C,,$9,$9,$6,$6,69,-2.1,2.6,.315,29,26,119,5,,,,,,,
,,,Luis Arraez,,28,SF,2B,1B,$9,$9,$5,$5,244,-1.3,2.6,.373,6,30,119,8,,,,,,,
,,,Seiya Suzuki,,31,CHC,OF,,$9,$9,$9,$9,81,-0.1,2.5,.340,24,29,130,7,,,,,,,
,,,Josh Hader,Inj,31,HOU,RP,,$8,$8,$5,$5,130,-0.9,2.6,4,34,87,3.03,1.03,,,,,,,
,,,Cody Bellinger,,30,NYY,OF,,$8,$8,$10,$10,61,-0.1,2.4,.332,24,27,137,11,,,,,,,
,,,Agustín Ramírez,,24,MIA,C,,$8,$8,$1,$1,114,-2.4,2.3,.309,20,28,117,13,,,,,,,
,,,Ben Rice,,27,NYY,C,1B,$8,$8,$3,$3,75,-3.0,2.2,.330,25,25,113,4,,,,,,,
,,,Jeremy Peña,,28,HOU,SS,,$8,$8,$10,$10,80,-0.8,2.2,.325,18,30,123,18,,,,,,,
,,,Miguel Vargas,,26,CHW,3B,1B,$8,$8,$1,$1,274,-2.8,2.2,.324,16,30,110,7,,,,,,,
,,,Nick Pivetta,,33,SD,SP,,$7,$7,$6,$6,85,0.3,2.2,11,0,181,3.90,1.15,,,,,,,
,,,Bryson Stott,,28,PHI,2B,SS,$7,$7,$4,$4,202,-1.8,2.1,.333,13,27,113,23,,,,,,,
,,,Gleyber Torres,,29,DET,2B,,$7,$7,$5,$5,199,-1.3,2.1,.344,18,28,127,6,,,,,,,
,,,Jhoan Duran,,28,PHI,RP,,$7,$7,$7,$7,66,-1.3,2.1,4,32,79,2.86,1.11,,,,,,,
,,,Ezequiel Tovar,,24,COL,SS,,$7,$7,$7,$7,200,-1.0,2.0,.303,20,37,117,8,,,,,,,
,,,Freddy Peralta,,29,NYM,SP,,$7,$7,$6,$6,55,0.1,2.1,11,0,186,3.80,1.19,,,,,,,
,,,Oneil Cruz,,27,PIT,OF,,$7,$7,$6,$6,93,-0.6,2.0,.335,21,24,112,29,,,,,,,
,,,Michael Harris II,,24,ATL,OF,,$7,$7,$8,$8,91,-0.6,2.0,.306,21,32,122,18,,,,,,,
,,,Alec Bohm,,29,PHI,3B,1B,$7,$7,$3,$3,235,-3.1,1.9,.338,15,27,117,3,,,,,,,
,,,Abner Uribe,,25,MIL,RP,,$6,$6,$2,$2,245,-1.5,1.9,4,36,86,3.02,1.17,,,,,,,
,,,Luis Castillo,,33,SEA,SP,,$6,$6,$5,$5,129,-0.1,1.9,11,0,165,3.82,1.17,,,,,,,
,,,Steven Kwan,,28,CLE,OF,,$6,$6,$6,$6,148,-0.8,1.8,.346,11,29,123,19,,,,,,,
,,,Lawrence Butler,,25,ATH,OF,,$6,$6,$6,$6,138,-0.8,1.7,.324,21,28,119,19,,,,,,,
,,,Alec Burleson,,27,STL,1B,OF,$6,$6,$6,$6,174,-3.1,1.7,.334,19,26,111,6,,,,,,,
,,,Byron Buxton,,32,MIN,OF,,$6,$6,$10,$10,79,-0.9,1.7,.319,26,28,113,17,,,,,,,
,,,Salvador Perez,,35,KC,C,1B,$6,$6,$4,$4,107,-3.6,1.6,.295,26,28,115,0,,,,,,,
,,,Daylen Lile,,23,WSN,OF,,$6,$6,$2,$2,205,-1.0,1.6,.331,11,36,112,14,,,,,,,
,,,Griffin Jax,,31,TB,RP,,$5,$5,$3,$3,239,-1.8,1.6,4,20,92,2.99,1.06,,,,,,,
,,,Ranger Suárez,,30,BOS,SP,,$5,$5,$5,$5,139,-0.3,1.6,11,0,150,3.57,1.22,,,,,,,
,,,Adley Rutschman,,28,BAL,C,,$5,$5,$1,$1,167,-3.2,1.5,.345,17,27,110,1,,,,,,,
,,,Devin Williams,,31,NYM,RP,,$5,$5,$6,$6,110,-1.8,1.6,4,33,85,3.03,1.13,,,,,,,
,,,Grant Taylor,,23,CHW,RP,,$5,$5,$2,$2,329,-1.9,1.6,4,23,95,3.22,1.12,,,,,,,
,,,Andy Pages,,25,LAD,OF,,$5,$5,$7,$7,127,-1.1,1.5,.309,24,30,124,10,,,,,,,
,,,Caleb Durbin,,26,BOS,3B,2B,$5,$5,$2,$2,251,-3.6,1.5,.316,11,27,103,21,,,,,,,
,,,Andrés Muñoz,,27,SEA,RP,,$5,$5,$6,$6,67,-1.9,1.5,3,33,78,2.87,1.12,,,,,,,
,,,Kevin Gausman,,35,TOR,SP,,$5,$5,$5,$5,94,-0.4,1.5,11,0,176,3.92,1.19,,,,,,,
,,,Teoscar Hernández,,33,LAD,OF,,$5,$5,$9,$9,108,-1.1,1.4,.323,26,28,128,6,,,,,,,
,,,David Bednar,,31,NYY,RP,,$5,$5,$5,$5,101,-1.9,1.5,4,33,80,3.22,1.11,,,,,,,
,,,Xavier Edwards,,26,MIA,2B,SS,$5,$5,$3,$3,161,-2.5,1.4,.345,4,27,107,26,,,,,,,
,,,Taylor Ward,,32,BAL,OF,,$5,$5,$7,$7,137,-1.2,1.4,.331,26,27,126,4,,,,,,,
,,,Addison Barger,,26,TOR,3B,OF,$5,$5,$1,$1,198,-3.7,1.4,.325,19,27,105,4,,,,,,,
,,,Aroldis Chapman,,37,BOS,RP,,$5,$5,$6,$6,102,-2.0,1.4,4,35,79,2.99,1.13,,,,,,,
,,,Munetaka Murakami,,26,CHW,3B,,$5,$5,$3,$3,227,-3.2,1.3,.345,28,17,112,8,,,,,,,
,,,Masyn Winn,,23,STL,SS,,$5,$5,$3,$3,250,-1.7,1.3,.313,15,32,122,12,,,,,,,
,,,Tanner Bibee,,26,CLE,SP,,$4,$4,$4,$4,152,-0.6,1.3,11,0,168,3.88,1.19,,,,,,,
,,,Shane McClanahan,Inj,28,TB,SP,,$4,$4,$4,$4,195,-0.6,1.3,7,0,129,3.35,1.13,,,,,,,
,,,George Springer,,36,TOR,OF,,$4,$4,$10,$10,77,-1.4,1.2,.335,23,24,124,13,,,,,,,
,,,Jung Hoo Lee,,27,SF,OF,,$4,$4,$2,$2,273,-1.4,1.2,.338,9,38,107,9,,,,,,,
,,,Iván Herrera,,25,STL,C,,$4,$4,$3,$3,155,-3.5,1.2,.365,17,22,104,9,,,,,,,
,,,Ozzie Albies,,29,ATL,2B,,$4,$4,$4,$4,125,-2.2,1.2,.311,18,30,119,11,,,,,,,
,,,Nolan Schanuel,,24,LAA,1B,,$4,$4,$1,$1,265,-3.2,1.1,.353,15,24,109,6,,,,,,,
,,,Marcus Semien,,35,NYM,2B,,$4,$4,$3,$3,182,-2.3,1.1,.318,19,26,126,9,,,,,,,
,,,Bryan Reynolds,,31,PIT,OF,,$3,$3,$5,$5,160,-1.6,1.0,.331,19,30,122,5,,,,,,,
,,,Tyler Glasnow,,32,LAD,SP,,$3,$3,$5,$5,95,-1.0,1.0,9,0,148,3.65,1.16,,,,,,,
,,,Drew Rasmussen,,30,TB,SP,,$3,$3,$5,$5,146,-1.1,0.8,9,0,131,3.67,1.17,,,,,,,
,,,Bryan Abreu,,28,HOU,RP,,$3,$3,$2,$2,277,-2.6,0.8,4,25,92,3.17,1.18,,,,,,,
,,,Carlos Rodón,Inj,33,NYY,SP,,$3,$3,$3,$3,170,-1.2,0.8,10,0,157,3.89,1.18,,,,,,,
,,,MacKenzie Gore,,27,TEX,SP,,$2,$2,$4,$4,147,-1.2,0.7,10,0,183,3.82,1.22,,,,,,,
,,,Heliot Ramos,,26,SF,OF,,$2,$2,$5,$5,190,-1.9,0.7,.325,22,27,124,6,,,,,,,
,,,Dansby Swanson,,32,CHC,SS,,$2,$2,$5,$5,149,-2.3,0.7,.313,19,26,122,15,,,,,,,
,,,Trevor Story,,33,BOS,SS,,$2,$2,$7,$7,104,-2.3,0.6,.295,20,27,116,22,,,,,,,
,,,Jeremiah Estrada,,27,SD,RP,,$2,$2,$1,$1,387,-2.8,0.6,4,21,98,3.40,1.14,,,,,,,
,,,Emmet Sheehan,,26,LAD,SP,,$2,$2,$5,$5,132,-1.3,0.6,10,0,133,3.74,1.15,,,,,,,
,,,Aaron Nola,,32,PHI,SP,,$2,$2,$3,$3,185,-1.3,0.6,10,0,165,4.05,1.17,,,,,,,
,,,Brandon Nimmo,,32,TEX,OF,,$2,$2,$6,$6,123,-2.0,0.6,.325,21,26,122,9,,,,,,,
,,,Garrett Whitlock,,29,BOS,RP,,$2,$2,$1,$1,429,-2.8,0.6,4,22,79,3.25,1.15,,,,,,,
,,,Will Smith,,30,LAD,C,,$2,$2,$2,$2,117,-4.2,0.5,.351,18,22,110,2,,,,,,,
,,,Corey Seager,,31,TEX,SS,,$2,$2,$8,$8,73,-2.5,0.5,.357,25,24,109,3,,,,,,,
,,,Colt Keith,,24,DET,3B,"1B,2B",$2,$2,$1,$1,298,-4.5,0.5,.335,16,24,106,3,,,,,,,
,,,Brandon Woodruff,Inj,33,MIL,SP,,$2,$2,$6,$6,103,-1.4,0.5,9,0,130,3.74,1.13,,,,,,,
,,,Christian Yelich,,34,MIL,OF,,$2,$2,$7,$7,111,-2.1,0.5,.339,19,22,121,15,,,,,,,
,,,Sal Stewart,,22,CIN,1B,,$2,$2,$2,$2,211,-3.9,0.4,.330,18,24,111,7,,,,,,,
,,,Garrett Cleavinger,,31,TB,RP,,$2,$2,$1,$1,407,-3.0,0.5,3,26,83,3.40,1.13,,,,,,,
,,,Blake Snell,Inj,33,LAD,SP,,$1,$1,$6,$6,86,-1.5,0.4,9,0,149,3.57,1.22,,,,,,,
,,,Ernie Clement,,29,TOR,3B,"1B,2B,SS",$1,$1,$1,$1,357,-4.6,0.4,.303,11,30,105,9,,,,,,,
,,,Kazuma Okamoto,,29,TOR,3B,,$1,$1,$2,$2,233,-4.2,0.4,.324,22,24,108,2,,,,,,,
,,,Raisel Iglesias,,36,ATL,RP,,$1,$1,$3,$3,144,-3.1,0.3,4,30,69,3.51,1.12,,,,,,,
,,,Kyle Bradish,,29,BAL,SP,,$1,$1,$5,$5,71,-1.6,0.3,9,0,132,3.58,1.17,,,,,,,
,,,Willson Contreras,,33,BOS,1B,,$1,$1,$4,$4,163,-4.0,0.3,.322,21,25,106,4,,,,,,,
,,,Joe Musgrove,Inj,33,SD,SP,,$1,$1,$3,$3,222,-1.7,0.2,8,0,127,3.86,1.12,,,,,,,
,,,Trevor Megill,,32,MIL,RP,,$1,$1,$2,$2,177,-3.2,0.2,4,23,75,3.40,1.13,,,,,,,
,,,Jeff McNeil,,33,ATH,2B,OF,$1,$1,,,286,-3.7,0.2,.347,12,29,100,4,,,,,,,
,,,Matthew Boyd,,35,CHC,SP,,$0,$0,$3,$3,187,-1.8,0.1,10,0,140,3.89,1.19,,,,,,,
,,,Jordan Beck,,24,COL,OF,,$0,$0,$2,$2,229,-2.5,0.1,.319,16,29,106,16,,,,,,,
,,,Edwin Uceta,Inj,28,TB,RP,,$0,$0,$1,$1,290,-3.3,0.1,4,28,89,3.77,1.17,,,,,,,
,,,Jeff Hoffman,,33,TOR,RP,,$0,$0,$3,$3,154,-3.4,0.0,4,28,75,3.51,1.16,,,,,,,
,,,Yainer Diaz,,27,HOU,C,,$0,$0,$1,$1,158,-4.7,0.0,.309,20,25,109,1,,,,,,,
,,,Jackson Holliday,Inj,22,BAL,2B,,$0,$0,$1,$1,192,-3.4,0.0,.336,15,24,111,14,,,,,,,
,,,Spencer Horwitz,,28,PIT,1B,,$0,$0,,,326,-4.3,0.0,.355,12,27,98,2,,,,,,,
,,,A.J. Minter,Inj,32,NYM,RP,,$0,$0,,,519,-3.4,0.0,5,20,64,3.33,1.12,,,,,,,
,,,Jurickson Profar,,33,ATL,OF,,$0,$0,$5,$5,157,-2.6,0.0,.343,17,26,113,8,,,,,,,
,,,Spencer Schwellenbach,Inj,25,ATL,SP,,$0,$0,$2,$2,305,-1.9,0.0,7,0,103,3.37,1.10,,,,,,,
,,,Jacob Wilson,,23,ATH,SS,,$0,$0,$6,$6,143,-3.0,0.0,.340,12,29,114,6,,,,,,,
,,,Shota Imanaga,,32,CHC,SP,,$0,$0,$3,$3,151,-1.9,0.0,10,0,137,4.07,1.15,,,,,,,
,,,Alex Vesia,,29,LAD,RP,,$0,$0,$1,$1,497,-3.4,0.0,4,24,81,3.53,1.15,,,,,,,
,,,Spencer Strider,,27,ATL,SP,,$0,$0,$5,$5,98,-1.9,0.0,9,0,170,3.94,1.20,,,,,,,
,,,Matt Strahm,,34,KC,RP,,$0,$0,$1,$1,474,-3.4,0.0,4,20,71,3.42,1.11,,,,,,,
,,,Luis García Jr.,,25,WSN,2B,,$0,$0,$3,$3,214,-3.5,-0.1,.320,16,26,109,14,,,,,,,
,,,Konnor Griffin,,19,PIT,SS,,$0,$0,,,243,-3.1,-0.1,.311,13,23,119,25,,,,,,,
,,,Jonathan Aranda,,27,TB,1B,,$0,$0,$3,$3,164,-4.5,-0.1,.337,18,24,105,1,,,,,,,
,,,Luke Keaschall,,23,MIN,2B,,-$1,-$1,$4,$4,119,-3.6,-0.2,.338,10,26,93,23,,,,,,,
,,,Michael King,,30,SD,SP,,-$1,-$1,$4,$4,122,-2.1,-0.2,9,0,147,3.79,1.22,,,,,,,
,,,Matt McLain,,26,CIN,2B,,-$1,-$1,$1,$1,213,-3.6,-0.2,.313,17,24,108,17,,,,,,,
,,,Brendan Donovan,,29,SEA,2B,OF,-$1,-$1,$1,$1,242,-4.1,-0.2,.335,12,29,101,5,,,,,,,
,,,Xander Bogaerts,,33,SD,SS,,-$1,-$1,$3,$3,232,-3.2,-0.2,.333,13,27,103,16,,,,,,,
,,,Adrian Morejon,,27,SD,RP,,-$1,-$1,$1,$1,450,-3.7,-0.3,4,18,69,3.33,1.17,,,,,,,
,,,Ryan Helsley,,31,BAL,RP,,-$1,-$1,$3,$3,156,-3.7,-0.3,3,27,72,3.48,1.18,,,,,,,
,,,Drake Baldwin,,24,ATL,C,,-$1,-$1,$2,$2,120,-5.0,-0.3,.336,18,23,104,1,,,,,,,
,,,Jack Flaherty,,30,DET,SP,,-$1,-$1,$3,$3,179,-2.2,-0.3,10,0,172,4.01,1.23,,,,,,,
,,,Willi Castro,,28,COL,2B,"3B,OF",-$1,-$1,$1,$1,336,-4.2,-0.3,.323,12,27,99,13,,,,,,,
,,,Braxton Ashcraft,,26,PIT,RP,SP,-$1,-$1,,,316,-3.7,-0.3,8,0,116,3.86,1.24,,,,,,,
,,,Christian Walker,,34,HOU,1B,,-$1,-$1,$2,$2,178,-4.6,-0.3,.300,25,23,113,3,,,,,,,
,,,Joey Cantillo,,26,CLE,RP,SP,-$1,-$1,$1,$1,281,-3.8,-0.3,8,0,129,3.74,1.27,,,,,,,
,,,Pete Fairbanks,,32,MIA,RP,,-$1,-$1,$2,$2,159,-3.8,-0.4,3,27,65,3.45,1.16,,,,,,,
,,,Hunter Harvey,,31,CHC,RP,,-$1,-$1,,,467,-3.9,-0.4,3,25,56,3.26,1.11,,,,,,,
,,,Jake Cronenworth,,32,SD,2B,"1B,SS",-$2,-$2,,,344,-4.3,-0.4,.327,13,28,105,4,,,,,,,
,,,Carter Jensen,,22,KC,C,,-$2,-$2,,,263,-5.1,-0.4,.337,14,24,97,5,,,,,,,
,,,Adolis García,,32,PHI,OF,,-$2,-$2,$5,$5,223,-3.0,-0.4,.296,24,25,117,11,,,,,,,
,,,Jordan Westburg,Inj,27,BAL,3B,2B,-$2,-$2,$1,$1,196,-5.5,-0.4,.319,19,22,102,4,,,,,,,
,,,Gerrit Cole,Inj,35,NYY,SP,,-$2,-$2,$3,$3,225,-2.4,-0.5,7,0,118,3.73,1.15,,,,,,,
,,,Otto Lopez,,27,MIA,SS,2B,-$2,-$2,$2,$2,224,-3.9,-0.5,.322,11,27,104,14,,,,,,,
,,,Matt Brash,,27,SEA,RP,,-$2,-$2,$1,$1,423,-4.0,-0.5,3,21,71,3.13,1.20,,,,,,,
,,,Ryan Walker,,30,SF,RP,,-$2,-$2,$2,$2,203,-4.0,-0.6,3,25,69,3.45,1.20,,,,,,,
,,,Andrew Kittredge,,35,BAL,RP,,-$2,-$2,,,444,-4.0,-0.6,4,24,63,3.62,1.16,,,,,,,
,,,Andrew Vaughn,,27,MIL,1B,,-$2,-$2,$1,$1,221,-4.9,-0.6,.310,19,26,107,0,,,,,,,
,,,Ryan O'Hearn,,32,PIT,1B,OF,-$2,-$2,$1,$1,301,-5.5,-0.6,.342,14,23,97,3,,,,,,,
,,,Daniel Palencia,,26,CHC,RP,,-$2,-$2,$2,$2,168,-4.1,-0.7,3,28,73,3.63,1.21,,,,,,,
,,,Brenton Doyle,,27,COL,OF,,-$2,-$2,$5,$5,171,-3.2,-0.7,.297,18,27,106,20,,,,,,,
,,,Gabe Speier,,30,SEA,RP,,-$2,-$2,,,470,-4.1,-0.7,3,16,62,3.15,1.11,,,,,,,
,,,Kyle Manzardo,,25,CLE,1B,,-$2,-$2,$1,$1,210,-5.0,-0.7,.322,23,23,99,2,,,,,,,
,,,Cody Ponce,,31,TOR,SP,,-$2,-$2,$2,$2,327,-2.7,-0.7,8,0,147,3.92,1.21,,,,,,,
,,,Nolan Arenado,,34,ARI,3B,,-$3,-$3,$1,$1,342,-5.3,-0.7,.315,16,26,102,3,,,,,,,
,,,Isaac Paredes,Inj,27,HOU,3B,,-$3,-$3,$1,$1,183,-5.3,-0.8,.339,22,19,104,1,,,,,,,
,,,Kris Bubic,,28,KC,SP,,-$3,-$3,$3,$3,204,-2.8,-0.8,9,0,120,3.63,1.24,,,,,,,
,,,Dylan Lee,,31,ATL,RP,,-$3,-$3,,,513,-4.2,-0.8,3,18,73,3.57,1.15,,,,,,,
,,,Tyler Rogers,,35,TOR,RP,,-$3,-$3,,,482,-4.2,-0.8,4,26,48,3.60,1.19,,,,,,,
,,,Spencer Steer,,28,CIN,1B,OF,-$3,-$3,,,241,-5.7,-0.8,.322,16,21,101,8,,,,,,,
,,,Connor Norby,,25,MIA,3B,,-$3,-$3,,,376,-5.4,-0.9,.298,15,26,100,9,,,,,,,
,,,Will Vest,,30,DET,RP,,-$3,-$3,$1,$1,346,-4.3,-0.9,4,17,67,3.32,1.20,,,,,,,
,,,Phil Maton,,32,CHC,RP,,-$3,-$3,,,472,-4.3,-0.9,3,25,68,3.64,1.20,,,,,,,
,,,Luke Weaver,,32,NYM,RP,,-$3,-$3,,,432,-4.3,-0.9,5,24,76,3.90,1.22,,,,,,,
,,,Emilio Pagán,,34,CIN,RP,,-$3,-$3,$2,$2,175,-4.3,-0.9,3,29,69,3.91,1.17,,,,,,,
,,,JoJo Romero,,29,STL,RP,,-$3,-$3,,,361,-4.4,-1.0,3,31,62,3.54,1.26,,,,,,,
,,,Royce Lewis,,26,MIN,3B,,-$3,-$3,$1,$1,188,-5.4,-0.9,.309,19,24,90,10,,,,,,,
,,,Edward Cabrera,,27,CHC,SP,,-$3,-$3,$3,$3,166,-2.9,-1.0,9,0,145,3.89,1.23,,,,,,,
,,,Luis Robert Jr.,,28,NYM,OF,,-$3,-$3,$5,$5,133,-3.5,-0.9,.316,19,20,103,28,,,,,,,
,,,Bryan King,,29,HOU,RP,,-$3,-$3,,,536,-4.4,-1.0,3,20,65,3.53,1.17,,,,,,,
,,,Tyler Holton,,29,DET,RP,SP,-$3,-$3,,,486,-4.4,-1.0,4,18,59,3.57,1.17,,,,,,,
,,,Zac Gallen,,30,ARI,SP,,-$3,-$3,$2,$2,194,-2.9,-1.0,11,0,171,4.08,1.27,,,,,,,
,,,Merrill Kelly,Inj,37,ARI,SP,,-$4,-$4,$2,$2,193,-3.0,-1.1,10,0,148,4.01,1.25,,,,,,,
,,,Fernando Cruz,,35,NYY,RP,,-$4,-$4,,,527,-4.5,-1.1,4,20,79,3.58,1.21,,,,,,,
,,,Tanner Scott,,31,LAD,RP,,-$4,-$4,,,371,-4.5,-1.1,4,20,72,3.60,1.22,,,,,,,
,,,Caleb Thielbar,,39,CHC,RP,,-$4,-$4,,,540,-4.5,-1.1,3,17,62,3.52,1.13,,,,,,,
,,,Ryan Pepiot,,28,TB,SP,,-$4,-$4,$3,$3,131,-3.0,-1.1,9,0,162,4.14,1.22,,,,,,,
,,,Jonathan India,,31,KC,2B,"3B,OF",-$4,-$4,,,366,-4.9,-1.0,.325,12,27,100,5,,,,,,,
,,,Anthony Volpe,Inj,24,NYY,SS,,-$4,-$4,,,307,-4.0,-1.0,.291,16,27,104,19,,,,,,,
,,,TJ Friedl,,30,CIN,OF,,-$4,-$4,$1,$1,228,-3.7,-1.1,.338,15,24,105,12,,,,,,,
,,,Andrés Giménez,,27,TOR,2B,SS,-$4,-$4,$1,$1,302,-5.0,-1.1,.296,12,24,104,19,,,,,,,
,,,Dennis Santana,,29,PIT,RP,,-$4,-$4,$1,$1,207,-4.6,-1.2,4,27,65,3.78,1.23,,,,,,,
,,,Robert Garcia,,29,TEX,RP,,-$4,-$4,$2,$2,318,-4.6,-1.2,3,21,69,3.60,1.20,,,,,,,
,,,Kyle Stowers,,28,MIA,OF,,-$4,-$4,$5,$5,105,-3.7,-1.1,.325,22,26,104,4,,,,,,,
,,,Jason Adam,Inj,34,SD,RP,,-$4,-$4,,,553,-4.6,-1.2,3,21,53,3.34,1.17,,,,,,,
,,,Sal Frelick,,25,MIL,OF,,-$4,-$4,$1,$1,219,-3.8,-1.2,.343,9,24,108,16,,,,,,,
,,,Nick Lodolo,,28,CIN,SP,,-$4,-$4,$3,$3,124,-3.2,-1.2,8,0,143,4.14,1.19,,,,,,,
,,,Orion Kerkering,,24,PHI,RP,,-$4,-$4,,,483,-4.7,-1.2,4,18,68,3.48,1.21,,,,,,,
,,,José Alvarado,,30,PHI,RP,,-$4,-$4,,,503,-4.7,-1.3,4,15,64,3.37,1.20,,,,,,,
,,,Robert Suarez,,34,ATL,RP,,-$4,-$4,$1,$1,283,-4.7,-1.3,4,15,67,3.59,1.17,,,,,,,
,,,Carlos Correa,,31,HOU,SS,3B,-$4,-$4,$1,$1,262,-4.7,-1.2,.338,17,24,105,0,,,,,,,
,,,Hunter Gaddis,,27,CLE,RP,,-$4,-$4,,,520,-4.7,-1.3,3,25,71,3.83,1.23,,,,,,,
,,,Chase Burns,,23,CIN,SP,RP,-$4,-$4,$5,$5,118,-3.2,-1.3,8,0,143,4.03,1.19,,,,,,,
,,,Kenley Jansen,,38,DET,RP,,-$4,-$4,$1,$1,180,-4.8,-1.3,3,27,54,3.78,1.18,,,,,,,
,,,Quinn Priester,,25,MIL,SP,RP,-$4,-$4,$1,$1,264,-3.3,-1.3,10,0,137,4.01,1.25,,,,,,,
,,,Camilo Doval,,28,NYY,RP,,-$5,-$5,,,439,-4.8,-1.4,4,17,75,3.50,1.27,,,,,,,
,,,Jared Koenig,,32,MIL,RP,,-$5,-$5,,,521,-4.8,-1.4,3,19,71,3.64,1.22,,,,,,,
,,,Jorge Polanco,,32,NYM,2B,,-$5,-$5,$2,$2,201,-4.8,-1.4,.325,21,22,103,5,,,,,,,
,,,Reid Detmers,,26,LAA,RP,,-$5,-$5,$1,$1,309,-4.9,-1.4,7,1,138,4.17,1.26,,,,,,,
,,,Bryan Baker,,31,TB,RP,,-$5,-$5,,,567,-4.9,-1.4,3,17,73,3.76,1.17,,,,,,,
,,,Chris Martin,,39,TEX,RP,,-$5,-$5,,,492,-4.9,-1.4,3,17,49,3.35,1.09,,,,,,,
,,,Trey Yesavage,,22,TOR,SP,,-$5,-$5,$3,$3,112,-3.4,-1.5,9,0,137,3.90,1.26,,,,,,,
,,,Chandler Simpson,,25,TB,OF,,-$5,-$5,$2,$2,184,-4.0,-1.4,.336,2,19,97,45,,,,,,,
,,,Jo Adell,,26,LAA,OF,,-$5,-$5,$7,$7,116,-4.0,-1.4,.292,29,22,111,8,,,,,,,
,,,Gavin Williams,,26,CLE,SP,,-$5,-$5,$2,$2,141,-3.4,-1.5,9,0,164,3.93,1.30,,,,,,,
,,,Jake Burger,,29,TEX,1B,,-$5,-$5,$2,$2,237,-5.8,-1.4,.284,24,24,102,2,,,,,,,
,,,Robert Stephenson,Inj,33,LAA,RP,,-$5,-$5,,,364,-4.9,-1.5,3,17,58,3.79,1.10,,,,,,,
,,,Josh Bell,,33,MIN,1B,,-$5,-$5,$1,$1,285,-5.8,-1.5,.331,19,20,100,1,,,,,,,
,,,Dylan Crews,,24,WSN,OF,,-$5,-$5,$3,$3,173,-4.1,-1.5,.302,16,24,99,23,,,,,,,
,,,Alejandro Kirk,,27,TOR,C,,-$5,-$5,,,191,-6.2,-1.5,.361,14,20,92,1,,,,,,,
,,,Shane Bieber,Inj,30,TOR,SP,,-$5,-$5,$2,$2,206,-3.5,-1.6,7,0,97,3.71,1.17,,,,,,,
,,,Wilyer Abreu,,26,BOS,OF,,-$5,-$5,$3,$3,208,-4.1,-1.5,.328,20,24,102,7,,,,,,,
,,,Brooks Raley,,37,NYM,RP,,-$5,-$5,,,559,-5.0,-1.6,3,16,54,3.63,1.15,,,,,,,
,,,Seranthony Domínguez,,31,CHW,RP,,-$5,-$5,$1,$1,266,-5.1,-1.6,3,26,73,3.88,1.26,,,,,,,
,,,Cole Sands,,28,MIN,RP,SP,-$5,-$5,,,425,-5.1,-1.6,4,18,68,3.83,1.22,,,,,,,
,,,Ryne Nelson,,28,ARI,SP,RP,-$5,-$5,$1,$1,261,-3.6,-1.6,10,0,127,4.10,1.23,,,,,,,
,,,Mark Vientos,,26,NYM,3B,,-$6,-$6,,,238,-6.1,-1.6,.308,21,21,100,1,,,,,,,
,,,Andrew Abbott,,26,CIN,SP,,-$6,-$6,$1,$1,181,-3.6,-1.7,10,0,153,4.17,1.25,,,,,,,
,,,Shawn Armstrong,,35,CLE,RP,,-$6,-$6,,,535,-5.1,-1.7,3,16,66,3.72,1.19,,,,,,,
,,,Joey Ortiz,,27,MIL,SS,,-$6,-$6,,,393,-4.6,-1.6,.314,10,28,99,14,,,,,,,
,,,Steven Matz,,34,TB,RP,,-$6,-$6,,,512,-5.1,-1.7,7,0,86,4.09,1.21,,,,,,,
,,,Eury Pérez,,22,MIA,SP,,-$6,-$6,$3,$3,87,-3.6,-1.7,8,0,132,4.06,1.20,,,,,,,
,,,Nolan McLean,,24,NYM,SP,,-$6,-$6,$2,$2,88,-3.6,-1.7,10,0,146,3.97,1.29,,,,,,,
,,,Eduard Bazardo,,26,SEA,RP,,-$6,-$6,,,547,-5.1,-1.7,3,12,67,3.53,1.20,,,,,,,
,,,Mickey Moniak,,27,COL,OF,,-$6,-$6,$3,$3,257,-4.3,-1.7,.304,20,27,99,9,,,,,,,
,,,Reynaldo López,,32,ATL,SP,,-$6,-$6,$1,$1,317,-3.7,-1.7,9,1,119,3.91,1.25,,,,,,,
,,,Sandy Alcantara,,30,MIA,SP,,-$6,-$6,$1,$1,126,-3.7,-1.8,9,0,140,4.06,1.25,,,,,,,
,,,Sean Manaea,,34,NYM,SP,,-$6,-$6,$2,$2,272,-3.8,-1.8,8,0,118,4.01,1.20,,,,,,,
,,,Zach McKinstry,,30,DET,3B,"SS,OF",-$6,-$6,,,389,-6.8,-1.8,.309,9,23,84,15,,,,,,,
,,,Carlos Estévez,,33,KC,RP,,-$6,-$6,$2,$2,153,-5.3,-1.9,3,32,56,4.11,1.26,,,,,,,
,,,Steven Okert,,34,HOU,RP,,-$6,-$6,,,564,-5.3,-1.9,3,11,70,3.73,1.17,,,,,,,
,,,Noelvi Marte,,24,CIN,OF,3B,-$6,-$6,$2,$2,169,-4.9,-1.8,.311,16,24,97,14,,,,,,,
,,,Yimi García,Inj,35,TOR,RP,,-$6,-$6,,,479,-5.4,-2.0,3,15,57,3.65,1.15,,,,,,,
,,,Lucas Erceg,,30,KC,RP,,-$7,-$7,,,424,-5.4,-2.0,4,22,57,3.72,1.27,,,,,,,
,,,Brandon Lowe,,31,PIT,2B,,-$7,-$7,$3,$3,165,-5.3,-1.9,.306,22,23,103,4,,,,,,,
,,,Robbie Ray,,34,SF,SP,,-$7,-$7,$2,$2,136,-3.9,-2.0,9,0,167,4.16,1.27,,,,,,,
,,,Josh Lowe,,28,LAA,OF,,-$7,-$7,$1,$1,253,-4.5,-1.9,.310,14,25,91,21,,,,,,,
,,,Josh Jung,,28,TEX,3B,,-$7,-$7,,,311,-6.4,-1.9,.300,17,24,94,4,,,,,,,
,,,Daulton Varsho,,29,TOR,OF,,-$7,-$7,$3,$3,209,-4.5,-1.9,.290,23,24,111,8,,,,,,,
,,,Matt Svanson,,27,STL,RP,,-$7,-$7,,,460,-5.4,-2.0,3,17,66,3.68,1.27,,,,,,,
,,,J.T. Realmuto,,34,PHI,C,,-$7,-$7,,,260,-6.7,-2.0,.310,14,22,92,7,,,,,,,
,,,Riley O'Brien,Inj,31,STL,RP,,-$7,-$7,,,299,-5.5,-2.1,3,22,65,3.71,1.29,,,,,,,
,,,José Soriano,,27,LAA,SP,,-$7,-$7,$1,$1,254,-4.0,-2.1,10,0,143,3.80,1.34,,,,,,,
,,,Bailey Ober,,30,MIN,SP,,-$7,-$7,$1,$1,320,-4.0,-2.1,9,0,140,4.33,1.21,,,,,,,
,,,Ryan Thompson,,33,ARI,RP,,-$7,-$7,,,600,-5.5,-2.1,3,25,47,3.81,1.26,,,,,,,
,,,Louis Varland,,28,TOR,RP,,-$7,-$7,,,510,-5.5,-2.1,4,13,80,3.80,1.27,,,,,,,
,,,Bryce Miller,,27,SEA,SP,,-$7,-$7,$2,$2,236,-4.0,-2.1,8,0,117,4.07,1.21,,,,,,,
,,,Ryan Jeffers,,28,MIN,C,,-$7,-$7,,,343,-6.7,-2.0,.324,15,23,87,2,,,,,,,
,,,Jacob Misiorowski,,23,MIL,SP,,-$7,-$7,$2,$2,113,-4.0,-2.1,8,0,148,4.00,1.28,,,,,,,
,,,Clayton Beeter,,27,WSN,RP,,-$7,-$7,,,372,-5.6,-2.1,4,24,79,3.84,1.35,,,,,,,
,,,Nolan Gorman,,25,STL,3B,2B,-$7,-$7,,,390,-7.1,-2.1,.301,21,19,93,3,,,,,,,
,,,Justin Steele,Inj,30,CHC,SP,,-$7,-$7,$1,$1,374,-4.1,-2.2,7,0,91,3.53,1.22,,,,,,,
,,,JJ Wetherholt,,23,STL,SS,,-$7,-$7,,,248,-5.1,-2.1,.326,11,24,100,11,,,,,,,
,,,Colson Montgomery,,24,CHW,SS,3B,-$7,-$7,$1,$1,197,-5.6,-2.1,.286,24,22,112,2,,,,,,,
,,,Lars Nootbaar,Inj,28,STL,OF,,-$7,-$7,,,334,-4.7,-2.1,.344,15,24,97,6,,,,,,,
,,,Colton Cowser,,25,BAL,OF,,-$7,-$7,$2,$2,256,-4.7,-2.1,.311,19,22,98,14,,,,,,,
,,,Kyle Teel,,24,CHW,C,,-$7,-$7,,,218,-6.8,-2.1,.333,12,19,92,6,,,,,,,
,,,Samuel Basallo,Inj,21,BAL,C,,-$7,-$7,,,220,-6.8,-2.1,.306,19,21,92,2,,,,,,,
,,,Justin Crawford,,22,PHI,OF,,-$7,-$7,,,300,-4.7,-2.1,.338,6,22,98,24,,,,,,,
,,,J.P. Crawford,,31,SEA,SS,,-$7,-$7,,,340,-5.1,-2.2,.330,11,24,103,6,,,,,,,
,,,Gregory Soto,,31,PIT,RP,,-$7,-$7,,,493,-5.7,-2.3,3,20,66,3.80,1.27,,,,,,,
,,,Zach Eflin,Inj,31,BAL,SP,,-$8,-$8,,,308,-4.2,-2.3,9,0,101,4.20,1.19,,,,,,,
,,,Keegan Akin,,30,BAL,RP,SP,-$8,-$8,,,592,-5.7,-2.3,3,18,67,3.92,1.26,,,,,,,
,,,Jakob Junis,,33,TEX,RP,,-$8,-$8,,,582,-5.7,-2.3,4,17,59,3.99,1.22,,,,,,,
,,,Kirby Yates,,38,LAA,RP,,-$8,-$8,,,331,-5.7,-2.3,3,19,65,3.95,1.24,,,,,,,
,,,Brady House,,22,WSN,3B,,-$8,-$8,,,451,-6.8,-2.2,.300,14,23,96,6,,,,,,,
,,,Jordan Leasure,,27,CHW,RP,,-$8,-$8,,,404,-5.8,-2.4,3,18,76,4.11,1.24,,,,,,,
,,,Blake Treinen,,37,LAD,RP,,-$8,-$8,,,563,-5.8,-2.4,3,15,59,3.81,1.21,,,,,,,
,,,Edouard Julien,,26,COL,1B,2B,-$8,-$8,,,572,-7.1,-2.3,.354,12,20,80,5,,,,,,,
,,,Brayan Rocchio,,25,CLE,SS,2B,-$8,-$8,,,465,-5.8,-2.3,.301,10,26,96,12,,,,,,,
,,,David Peterson,,30,NYM,SP,,-$8,-$8,$1,$1,276,-4.4,-2.5,10,0,144,3.97,1.33,,,,,,,
,,,Chase Meidroth,,24,CHW,SS,2B,-$8,-$8,,,351,-5.9,-2.4,.342,8,20,95,13,,,,,,,
,,,Brandon Marsh,,28,PHI,OF,,-$8,-$8,$1,$1,321,-5.0,-2.4,.336,13,24,95,10,,,,,,,
,,,Andrew Nardi,,27,MIA,RP,,-$8,-$8,,,605,-5.9,-2.5,2,12,61,3.63,1.19,,,,,,,
,,,Max Muncy (LAD),,35,LAD,3B,,-$8,-$8,,,249,-7.0,-2.4,.346,20,16,90,3,,,,,,,
,,,Kevin Ginkel,,31,ARI,RP,,-$8,-$8,,,359,-6.0,-2.6,3,17,56,3.68,1.27,,,,,,,
,,,Jared Triolo,,28,PIT,SS,"1B,2B,3B",-$9,-$9,,,428,-6.0,-2.5,.329,9,24,85,13,,,,,,,
,,,Gabriel Moreno,,26,ARI,C,,-$9,-$9,,,215,-7.2,-2.5,.352,10,20,84,4,,,,,,,
,,,Matt Wallner,,28,MIN,OF,,-$9,-$9,$1,$1,324,-5.1,-2.5,.312,22,23,100,5,,,,,,,
,,,Dylan Beavers,,24,BAL,OF,,-$9,-$9,,,354,-5.1,-2.5,.337,13,22,96,12,,,,,,,
,,,A.J. Puk,Inj,30,ARI,RP,,-$9,-$9,,,618,-6.0,-2.6,3,13,50,3.31,1.23,,,,,,,
,,,Erik Miller,,28,SF,RP,,-$9,-$9,,,583,-6.0,-2.6,3,18,61,3.62,1.33,,,,,,,
,,,Tony Santillan,,28,CIN,RP,,-$9,-$9,,,415,-6.0,-2.6,3,26,71,4.18,1.32,,,,,,,
,,,Angel Zerpa,,26,MIL,RP,,-$9,-$9,,,587,-6.0,-2.6,3,12,58,3.67,1.25,,,,,,,
,,,Trent Grisham,,29,NYY,OF,,-$9,-$9,$1,$1,226,-5.1,-2.5,.332,23,17,106,5,,,,,,,
,,,Justin Sterner,,29,ATH,RP,,-$9,-$9,,,461,-6.1,-2.7,3,16,67,4.15,1.24,,,,,,,
,,,Kerry Carpenter,,28,DET,OF,,-$9,-$9,$3,$3,212,-5.1,-2.5,.313,23,22,104,2,,,,,,,
,,,Chris Bassitt,,37,BAL,SP,,-$9,-$9,,,319,-4.6,-2.7,11,0,153,4.27,1.30,,,,,,,
,,,Yennier Cano,,31,BAL,RP,,-$9,-$9,,,627,-6.1,-2.7,3,18,55,3.78,1.30,,,,,,,
,,,Grayson Rodriguez,,26,LAA,SP,,-$9,-$9,$1,$1,259,-4.6,-2.7,6,0,118,4.02,1.22,,,,,,,
,,,Mark Leiter Jr.,,34,ATH,RP,,-$9,-$9,,,550,-6.1,-2.7,3,19,67,4.15,1.27,,,,,,,
,,,Mike Trout,,34,LAA,OF,,-$9,-$9,$2,$2,189,-5.2,-2.6,.346,23,18,98,3,,,,,,,
,,,John Schreiber,,31,KC,RP,,-$9,-$9,,,674,-6.1,-2.7,3,19,58,4.03,1.26,,,,,,,
,,,Jordan Lawlar,,23,ARI,3B,,-$9,-$9,,,370,-7.1,-2.6,.309,9,24,77,14,,,,,,,
,,,Foster Griffin,,30,WSN,SP,,-$9,-$9,,,487,-4.7,-2.7,7,0,112,4.04,1.24,,,,,,,
,,,Josh Smith,,28,TEX,SS,"1B,3B,OF",-$9,-$9,,,409,-6.1,-2.6,.319,10,24,94,9,,,,,,,
,,,Kody Funderburk,,29,MIN,RP,,-$9,-$9,,,568,-6.2,-2.7,4,19,62,3.85,1.33,,,,,,,
,,,Jac Caglianone,,23,KC,OF,1B,-$9,-$9,$1,$1,234,-5.7,-2.6,.311,20,22,99,3,,,,,,,
,,,Graham Ashcraft,,28,CIN,RP,,-$9,-$9,,,613,-6.2,-2.8,5,12,60,3.90,1.31,,,,,,,
,,,Drew Pomeranz,,37,LAA,RP,SP,-$9,-$9,,,574,-6.2,-2.8,3,9,62,3.87,1.20,,,,,,,
,,,Ryan McMahon,,31,NYY,3B,,-$9,-$9,,,410,-7.2,-2.7,.316,17,19,94,3,,,,,,,
,,,Kyle Finnegan,,34,DET,RP,,-$9,-$9,,,379,-6.2,-2.8,3,13,54,3.81,1.26,,,,,,,
,,,Michael McGreevy,,25,STL,SP,,-$9,-$9,,,406,-4.7,-2.8,9,0,106,4.04,1.27,,,,,,,
,,,Logan Henderson,,23,MIL,SP,,-$9,-$9,$1,$1,271,-4.7,-2.8,7,0,110,4.24,1.19,,,,,,,
,,,Casey Mize,,28,DET,SP,,-$9,-$9,$1,$1,255,-4.8,-2.8,8,0,117,4.11,1.26,,,,,,,
,,,Brandon Pfaadt,,27,ARI,SP,,-$9,-$9,$1,$1,304,-4.8,-2.8,9,0,145,4.37,1.25,,,,,,,
,,,Austin Wells,,26,NYY,C,,-$9,-$9,,,323,-7.4,-2.7,.301,18,20,86,5,,,,,,,
,,,Jack Dreyer,,27,LAD,RP,SP,-$9,-$9,,,651,-6.3,-2.9,4,11,59,3.79,1.27,,,,,,,
,,,Zebby Matthews,,25,MIN,SP,,-$10,-$10,$1,$1,293,-4.8,-2.9,8,0,119,4.18,1.24,,,,,,,
,,,Erik Sabrowski,,28,CLE,RP,,-$10,-$10,,,606,-6.3,-2.9,3,15,68,3.79,1.32,,,,,,,
,,,Paul Sewald,,35,ARI,RP,,-$10,-$10,,,511,-6.4,-3.0,2,18,51,4.18,1.19,,,,,,,
,,,Tyler Kinley,,35,ATL,RP,,-$10,-$10,,,602,-6.4,-3.0,3,13,67,3.99,1.27,,,,,,,
,,,Anthony Bender,,31,MIA,RP,,-$10,-$10,,,610,-6.4,-3.0,3,17,56,4.00,1.26,,,,,,,
,,,Brett Baty,,26,NYM,3B,2B,-$10,-$10,,,267,-7.9,-2.9,.315,16,17,88,5,,,,,,,
,,,Hoby Milner,,35,CHC,RP,,-$10,-$10,,,644,-6.4,-3.0,3,13,49,3.81,1.26,,,,,,,
,,,Braxton Garrett,Inj,28,MIA,SP,,-$10,-$10,$1,$1,391,-5.0,-3.0,6,0,94,3.95,1.21,,,,,,,
,,,Michael Wacha,,34,KC,SP,,-$10,-$10,,,297,-5.0,-3.0,10,0,127,4.28,1.26,,,,,,,
,,,Ian Seymour,,27,TB,RP,SP,-$10,-$10,,,313,-6.5,-3.0,6,0,94,4.20,1.28,,,,,,,
,,,Jameson Taillon,,34,CHC,SP,,-$10,-$10,,,312,-5.0,-3.0,9,0,117,4.40,1.23,,,,,,,
,,,Tommy Nance,,34,TOR,RP,,-$10,-$10,,,633,-6.5,-3.1,3,9,52,3.71,1.23,,,,,,,
,,,Clay Holmes,,32,NYM,SP,,-$10,-$10,$1,$1,296,-5.0,-3.1,9,1,113,3.89,1.34,,,,,,,
,,,Ramón Laureano,,31,SD,OF,,-$10,-$10,$2,$2,231,-5.6,-3.0,.308,18,23,99,8,,,,,,,
,,,Francisco Alvarez,,24,NYM,C,,-$10,-$10,,,217,-7.7,-3.0,.317,21,17,88,1,,,,,,,
,,,Jordan Walker,,23,STL,OF,,-$10,-$10,,,380,-5.6,-3.0,.315,14,25,92,10,,,,,,,
,,,Trevor Rogers,,28,BAL,SP,,-$10,-$10,$1,$1,142,-5.1,-3.1,9,0,117,4.10,1.30,,,,,,,
,,,Nick Gonzales,,26,PIT,2B,SS,-$10,-$10,,,419,-6.9,-3.0,.323,8,26,86,2,,,,,,,
,,,Jacob Lopez,,27,ATH,SP,,-$10,-$10,,,348,-5.1,-3.1,7,0,128,4.17,1.27,,,,,,,
,,,Taylor Rogers,,35,MIN,RP,,-$10,-$10,,,394,-6.6,-3.2,3,16,59,4.08,1.29,,,,,,,
,,,Cade Horton,,24,CHC,SP,,-$10,-$10,$1,$1,172,-5.1,-3.2,8,0,107,4.11,1.26,,,,,,,
,,,Jared Jones,Inj,24,PIT,SP,,-$11,-$11,,,377,-5.1,-3.2,6,1,91,3.88,1.24,,,,,,,
,,,Victor Scott II,,25,STL,OF,,-$11,-$11,,,378,-5.7,-3.1,.291,7,22,89,35,,,,,,,
,,,Isaac Mattson,,30,PIT,RP,,-$11,-$11,,,643,-6.6,-3.2,3,18,63,4.11,1.33,,,,,,,
,,,Brendon Little,,29,TOR,RP,,-$11,-$11,,,656,-6.6,-3.2,3,16,60,3.56,1.40,,,,,,,
,,,Brady Singer,,29,CIN,SP,,-$11,-$11,$1,$1,291,-5.2,-3.2,10,0,160,4.37,1.29,,,,,,,
,,,Aaron Bummer,,32,ATL,RP,,-$11,-$11,,,598,-6.7,-3.2,3,8,57,3.68,1.28,,,,,,,
,,,Dustin May,,28,STL,SP,,-$11,-$11,,,396,-5.2,-3.3,7,0,119,4.13,1.26,,,,,,,
,,,Cedric Mullins,,31,TB,OF,,-$11,-$11,,,295,-5.7,-3.1,.312,14,20,92,19,,,,,,,
,,,Bo Naylor,,26,CLE,C,,-$11,-$11,,,386,-7.8,-3.1,.306,16,20,83,3,,,,,,,
,,,Brooks Lee,,25,MIN,SS,"2B,3B",-$11,-$11,,,325,-6.6,-3.1,.308,15,23,95,4,,,,,,,
,,,Matt Festa,,32,CLE,RP,,-$11,-$11,,,620,-6.7,-3.3,3,11,56,3.99,1.27,,,,,,,
,,,PJ Poulin,,29,WSN,RP,,-$11,-$11,,,631,-6.7,-3.3,3,16,62,3.98,1.32,,,,,,,
,,,Justin Slaten,,28,BOS,RP,,-$11,-$11,,,578,-6.7,-3.3,3,13,48,3.97,1.26,,,,,,,
,,,Aaron Ashby,,27,MIL,RP,,-$11,-$11,,,548,-6.7,-3.3,4,11,76,3.84,1.39,,,,,,,
,,,Brant Hurter,,27,DET,RP,SP,-$11,-$11,,,579,-6.7,-3.3,4,8,57,3.75,1.32,,,,,,,
,,,Tanner Banks,,34,PHI,RP,,-$11,-$11,,,601,-6.8,-3.3,3,10,56,3.99,1.26,,,,,,,
,,,Mike Burrows,,26,HOU,SP,,-$11,-$11,,,310,-5.3,-3.3,7,1,117,4.17,1.26,,,,,,,
,,,Justin Topa,,34,MIN,RP,,-$11,-$11,,,586,-6.8,-3.4,3,18,48,4.06,1.30,,,,,,,
,,,Jovani Morán,,28,BOS,RP,,-$11,-$11,,,680,-6.8,-3.4,3,8,52,3.66,1.28,,,,,,,
,,,Mason Englert,,26,TB,RP,,-$11,-$11,,,699,-6.8,-3.4,3,10,62,4.15,1.26,,,,,,,
,,,Mitch Keller,,29,PIT,SP,,-$11,-$11,$1,$1,280,-5.3,-3.4,9,0,150,4.34,1.29,,,,,,,
,,,Parker Meadows,,26,DET,OF,,-$11,-$11,,,395,-5.8,-3.2,.313,12,23,93,14,,,,,,,
,,,Ryan Weathers,,26,NYY,SP,,-$11,-$11,,,282,-5.3,-3.4,8,0,98,4.11,1.26,,,,,,,
,,,José Buttó,,27,SF,RP,,-$11,-$11,,,608,-6.8,-3.4,3,17,59,4.09,1.34,,,,,,,
,,,Bennett Sousa,,30,HOU,RP,,-$11,-$11,,,562,-6.8,-3.4,2,7,48,3.55,1.25,,,,,,,
,,,Roki Sasaki,,24,LAD,SP,,-$11,-$11,,,230,-5.3,-3.4,8,1,110,4.14,1.28,,,,,,,
,,,Greg Weissert,,31,BOS,RP,,-$11,-$11,,,654,-6.8,-3.4,3,16,56,4.17,1.30,,,,,,,
,,,Matt Shaw,,24,CHC,3B,,-$11,-$11,,,270,-7.9,-3.3,.327,11,16,84,13,,,,,,,
,,,Nick Mears,,29,KC,RP,,-$11,-$11,,,700,-6.9,-3.5,3,14,53,4.09,1.30,,,,,,,
,,,Tim Herrin,,29,CLE,RP,,-$12,-$12,,,649,-6.9,-3.5,3,12,55,3.76,1.35,,,,,,,
,,,Parker Messick,,25,CLE,SP,,-$12,-$12,,,269,-5.5,-3.5,8,0,117,4.15,1.29,,,,,,,
,,,Jacob Latz,,29,TEX,RP,SP,-$12,-$12,,,456,-7.0,-3.6,5,0,86,4.11,1.32,,,,,,,
,,,Ke'Bryan Hayes,,29,CIN,3B,,-$12,-$12,,,435,-7.9,-3.4,.304,9,20,87,10,,,,,,,
,,,Pierce Johnson,,34,CIN,RP,,-$12,-$12,,,630,-7.0,-3.6,3,14,61,4.19,1.29,,,,,,,
,,,Tommy Edman,Inj,30,LAD,2B,"3B,OF",-$12,-$12,,,287,-7.3,-3.4,.299,13,21,90,9,,,,,,,
,,,Shane Baz,,26,BAL,SP,,-$12,-$12,$1,$1,186,-5.5,-3.6,9,0,138,4.28,1.30,,,,,,,
,,,Mason Montgomery,,25,PIT,RP,,-$12,-$12,,,671,-7.0,-3.6,3,12,76,4.09,1.35,,,,,,,
,,,Calvin Faucher,,30,MIA,RP,,-$12,-$12,,,526,-7.0,-3.6,3,16,64,4.16,1.35,,,,,,,
,,,Isaac Collins,,28,KC,OF,,-$12,-$12,,,375,-6.1,-3.5,.346,9,21,86,15,,,,,,,
,,,Kyle Leahy,,28,STL,RP,,-$12,-$12,,,614,-7.0,-3.6,6,1,87,4.20,1.32,,,,,,,
,,,José Berríos,,31,TOR,SP,,-$12,-$12,,,356,-5.6,-3.6,8,1,108,4.24,1.27,,,,,,,
,,,Jordan Romano,,32,LAA,RP,,-$12,-$12,,,591,-7.1,-3.6,2,9,54,4.10,1.23,,,,,,,
,,,Lourdes Gurriel Jr.,Inj,32,ARI,OF,,-$12,-$12,,,524,-6.1,-3.5,.314,14,23,94,7,,,,,,,
,,,Slade Cecconi,,26,CLE,SP,,-$12,-$12,,,412,-5.6,-3.7,8,0,120,4.40,1.24,,,,,,,
,,,Jimmy Herget,,32,COL,RP,,-$12,-$12,,,789,-7.1,-3.7,4,11,69,4.37,1.29,,,,,,,
,,,Troy Johnston,,28,COL,1B,OF,-$12,-$12,,,541,-8.4,-3.5,.333,9,17,79,10,,,,,,,
,,,Brusdar Graterol,Inj,27,LAD,RP,,-$12,-$12,,,597,-7.1,-3.7,2,5,34,3.36,1.22,,,,,,,
,,,Yusei Kikuchi,,34,LAA,SP,,-$12,-$12,,,289,-5.7,-3.7,9,0,166,4.37,1.32,,,,,,,
,,,Elvis Alvarado,,27,ATH,RP,,-$12,-$12,,,690,-7.1,-3.7,3,15,64,4.14,1.35,,,,,,,
,,,Tyler Mahle,,31,SF,SP,,-$12,-$12,,,337,-5.7,-3.7,7,0,93,4.08,1.27,,,,,,,
,,,Brock Burke,,29,CIN,RP,,-$12,-$12,,,669,-7.2,-3.7,3,14,56,4.25,1.29,,,,,,,
,,,Dean Kremer,,30,BAL,SP,,-$12,-$12,,,448,-5.7,-3.7,9,1,118,4.29,1.30,,,,,,,
,,,Evan Carter,,23,TEX,OF,,-$12,-$12,,,328,-6.2,-3.6,.322,11,21,83,19,,,,,,,
,,,Ryne Stanek,,34,STL,RP,,-$12,-$12,,,696,-7.2,-3.8,3,15,59,4.19,1.32,,,,,,,
,,,Brad Lord,,26,WSN,RP,SP,-$13,-$13,,,689,-7.2,-3.8,7,1,96,4.33,1.33,,,,,,,
,,,Seth Lugo,,36,KC,SP,,-$13,-$13,,,322,-5.7,-3.8,9,0,129,4.34,1.29,,,,,,,
,,,Shane Smith,,25,CHW,SP,,-$13,-$13,,,258,-5.8,-3.8,8,0,141,4.28,1.30,,,,,,,
,,,Sam Hentges,Inj,29,SF,RP,,-$13,-$13,,,624,-7.3,-3.8,2,8,43,3.60,1.28,,,,,,,
,,,Otto Kemp,,26,PHI,3B,"1B,OF",-$13,-$13,,,738,-8.7,-3.7,.301,11,17,88,6,,,,,,,
,,,Will Warren,,26,NYY,SP,,-$13,-$13,,,288,-5.8,-3.9,8,1,126,4.23,1.32,,,,,,,
,,,Josh Sborz,,32,TEX,RP,,-$13,-$13,,,799,-7.3,-3.9,2,13,38,3.87,1.29,,,,,,,
,,,David Morgan,,26,SD,RP,,-$13,-$13,,,687,-7.3,-3.9,3,8,62,4.17,1.29,,,,,,,
,,,Brenan Hanifee,,27,DET,RP,,-$13,-$13,,,765,-7.3,-3.9,3,12,43,3.93,1.33,,,,,,,
,,,Braydon Fisher,,25,TOR,RP,,-$13,-$13,,,571,-7.3,-3.9,3,6,58,3.80,1.33,,,,,,,
,,,Cole Sulser,,35,TB,RP,,-$13,-$13,,,711,-7.3,-3.9,3,8,46,4.01,1.27,,,,,,,
,,,Joel Payamps,,31,ATL,RP,,-$13,-$13,,,783,-7.4,-3.9,2,11,47,4.05,1.30,,,,,,,
,,,Sung-Mun Song,,29,SD,3B,,-$13,-$13,,,475,-8.3,-3.8,.333,8,18,80,8,,,,,,,
,,,Mike Yastrzemski,,35,ATL,OF,,-$13,-$13,,,436,-6.4,-3.8,.325,15,24,86,4,,,,,,,
,,,Justin Lawrence,,31,PIT,RP,,-$13,-$13,,,735,-7.4,-3.9,3,11,55,4.07,1.36,,,,,,,
,,,Spencer Bivens,,31,SF,RP,,-$13,-$13,,,762,-7.4,-3.9,4,14,53,4.20,1.35,,,,,,,
,,,Cam Schlittler,Inj,25,NYY,SP,,-$13,-$13,$1,$1,115,-5.9,-3.9,8,0,125,4.23,1.32,,,,,,,
,,,Brent Headrick,,28,NYY,RP,,-$13,-$13,,,668,-7.4,-3.9,3,5,52,3.98,1.28,,,,,,,
,,,Jacob Webb,,32,CHC,RP,,-$13,-$13,,,703,-7.4,-4.0,3,10,50,4.15,1.31,,,,,,,
,,,Ryan Zeferjahn,,27,LAA,RP,,-$13,-$13,,,837,-7.4,-4.0,3,15,71,4.39,1.34,,,,,,,
,,,Michael Soroka,,28,ARI,SP,RP,-$13,-$13,,,445,-6.0,-4.1,6,4,86,4.05,1.28,,,,,,,
,,,Tyler Stephenson,,29,CIN,C,,-$13,-$13,,,335,-8.6,-3.9,.320,14,18,83,1,,,,,,,
,,,Lane Thomas,,30,KC,OF,,-$13,-$13,,,469,-6.5,-3.9,.316,14,20,88,14,,,,,,,
,,,Jesús Sánchez,,28,TOR,OF,,-$13,-$13,,,353,-6.5,-3.9,.313,15,20,91,10,,,,,,,
,,,Kevin Kelly,,28,TB,RP,,-$14,-$14,,,706,-7.5,-4.1,2,5,39,3.79,1.26,,,,,,,
,,,Brad Keller,,30,PHI,RP,,-$14,-$14,,,477,-7.5,-4.1,3,10,66,4.13,1.37,,,,,,,
,,,Hogan Harris,,29,ATH,RP,,-$14,-$14,,,505,-7.5,-4.1,4,16,75,4.31,1.41,,,,,,,
,,,Kodai Senga,,33,NYM,SP,,-$14,-$14,,,252,-6.1,-4.1,8,0,113,4.02,1.36,,,,,,,
,,,Wandy Peralta,,34,SD,RP,,-$14,-$14,,,667,-7.6,-4.1,3,8,50,3.92,1.35,,,,,,,
,,,Mike Vasil,,25,CHW,RP,SP,-$14,-$14,,,940,-7.6,-4.1,5,12,76,4.29,1.38,,,,,,,
,,,Taj Bradley,,24,MIN,SP,,-$14,-$14,,,427,-6.1,-4.2,8,0,131,4.35,1.31,,,,,,,
,,,Dillon Dingler,Inj,27,DET,C,,-$14,-$14,,,284,-8.7,-4.0,.298,13,21,81,1,,,,,,,
,,,Grant Anderson,,28,MIL,RP,,-$14,-$14,,,773,-7.6,-4.2,3,8,59,4.19,1.32,,,,,,,
,,,Juan Mejia,,25,COL,RP,,-$14,-$14,,,933,-7.6,-4.2,3,18,70,4.46,1.40,,,,,,,
,,,Grant Holmes,Inj,29,ATL,SP,,-$14,-$14,,,438,-6.1,-4.2,6,0,94,4.11,1.29,,,,,,,
,,,Pavin Smith,,30,ARI,1B,,-$14,-$14,,,434,-8.4,-4.0,.345,11,18,77,2,,,,,,,
,,,Max Meyer,,26,MIA,SP,,-$14,-$14,,,421,-6.2,-4.2,6,0,99,4.25,1.25,,,,,,,
,,,Wenceel Pérez,,26,DET,OF,,-$14,-$14,,,453,-6.6,-4.1,.303,12,23,90,10,,,,,,,
,,,Noah Cameron,,26,KC,SP,,-$14,-$14,,,246,-6.2,-4.2,8,0,119,4.27,1.32,,,,,,,
,,,Caleb Ferguson,,29,CIN,RP,,-$14,-$14,,,751,-7.7,-4.3,3,11,50,4.17,1.34,,,,,,,
,,,Robert Gasser,,26,MIL,SP,,-$14,-$14,,,537,-6.2,-4.3,5,1,73,3.99,1.25,,,,,,,
,,,Victor Vodnik,,26,COL,RP,,-$14,-$14,,,368,-7.7,-4.3,3,21,60,4.37,1.45,,,,,,,
,,,Justin Verlander,,43,DET,SP,,-$14,-$14,,,542,-6.2,-4.3,7,0,114,4.34,1.28,,,,,,,
,,,Chad Patrick,,27,MIL,SP,,-$14,-$14,,,349,-6.2,-4.3,7,0,124,4.40,1.28,,,,,,,
,,,Porter Hodge,,25,CHC,RP,,-$14,-$14,,,720,-7.7,-4.3,3,9,55,3.94,1.40,,,,,,,
,,,Harrison Bader,,31,SF,OF,,-$14,-$14,,,350,-6.8,-4.2,.305,13,20,91,13,,,,,,,
,,,Landen Roupp,,27,SF,SP,,-$14,-$14,,,403,-6.3,-4.4,7,0,102,4.03,1.33,,,,,,,
,,,Evan Phillips,Inj,31,LAD,RP,,-$14,-$14,,,717,-7.8,-4.4,2,1,34,3.30,1.25,,,,,,,
,,,Luisangel Acuña,,23,CHW,2B,,-$14,-$14,,,433,-7.6,-4.2,.302,5,19,82,25,,,,,,,
,,,Trevor Larnach,,29,MIN,OF,,-$14,-$14,,,408,-6.8,-4.2,.339,15,19,90,3,,,,,,,
,,,Ryan Yarbrough,,34,NYY,RP,SP,-$15,-$15,,,695,-7.8,-4.4,4,3,49,4.32,1.30,,,,,,,
,,,Carson Williams,,22,TB,SS,,-$15,-$15,,,489,-7.2,-4.2,.284,16,18,94,13,,,,,,,
,,,Kumar Rocker,,26,TEX,SP,,-$15,-$15,,,481,-6.3,-4.4,6,1,77,4.10,1.27,,,,,,,
,,,Alexis Díaz,,29,TEX,RP,,-$15,-$15,,,446,-7.9,-4.5,3,11,54,4.48,1.33,,,,,,,
,,,Matthew Liberatore,,26,STL,SP,,-$15,-$15,,,413,-6.4,-4.5,8,0,115,4.30,1.30,,,,,,,
,,,Jack Leiter,,25,TEX,SP,,-$15,-$15,,,240,-6.4,-4.5,8,0,140,4.39,1.32,,,,,,,
,,,Brayan Bello,,26,BOS,SP,,-$15,-$15,,,292,-6.4,-4.5,9,0,133,4.29,1.35,,,,,,,
,,,Taylor Clarke,,32,ARI,RP,,-$15,-$15,,,771,-7.9,-4.5,3,10,43,4.32,1.31,,,,,,,
,,,Marcelo Mayer,,23,BOS,3B,,-$15,-$15,,,367,-8.9,-4.3,.309,10,21,71,4,,,,,,,
,,,Andrew Benintendi,,31,CHW,OF,,-$15,-$15,,,398,-7.0,-4.4,.319,15,21,92,3,,,,,,,
,,,Eric Orze,,28,MIN,RP,,-$15,-$15,,,850,-8.0,-4.6,3,8,56,4.19,1.38,,,,,,,
,,,Ian Hamilton,,30,ATL,RP,,-$15,-$15,,,767,-8.0,-4.6,2,8,49,3.94,1.39,,,,,,,
,,,Bubba Chandler,,23,PIT,SP,,-$15,-$15,,,134,-6.5,-4.6,8,0,125,4.34,1.34,,,,,,,
,,,José Caballero,,29,NYY,SS,"2B,3B,OF",-$15,-$15,,,268,-7.9,-4.4,.312,6,15,69,35,,,,,,,
,,,Edgar Quero,,22,CHW,C,,-$15,-$15,,,382,-9.1,-4.4,.323,10,19,75,1,,,,,,,
,,,Kade Strowd,,28,ARI,RP,,-$15,-$15,,,831,-8.0,-4.6,2,13,53,4.23,1.40,,,,,,,
,,,Jack Perkins,,26,ATH,RP,SP,-$15,-$15,,,663,-8.0,-4.6,3,1,51,3.76,1.38,,,,,,,
,,,Yuki Matsui,Inj,30,SD,RP,,-$15,-$15,,,786,-8.1,-4.6,2,6,54,4.16,1.34,,,,,,,
,,,Brady Basso,,28,ATH,RP,,-$15,-$15,,,665,-8.1,-4.6,4,6,46,4.20,1.38,,,,,,,
,,,Matt Gage,,33,SF,RP,,-$15,-$15,,,756,-8.1,-4.7,2,7,44,4.02,1.36,,,,,,,
,,,Jonathan Bowlan,,29,PHI,RP,,-$15,-$15,,,722,-8.1,-4.7,3,7,58,4.27,1.39,,,,,,,
,,,Gavin Sheets,,29,SD,OF,1B,-$16,-$16,,,388,-7.6,-4.5,.304,15,23,84,2,,,,,,,
,,,Cole Young,,22,SEA,2B,,-$16,-$16,,,501,-7.9,-4.5,.327,8,21,84,5,,,,,,,
,,,Jake McCarthy,,28,COL,OF,,-$16,-$16,,,463,-7.1,-4.5,.324,7,21,84,15,,,,,,,
,,,Johan Oviedo,,27,BOS,SP,,-$16,-$16,,,422,-6.7,-4.7,7,0,98,4.19,1.33,,,,,,,
,,,Cole Henry,,26,WSN,RP,,-$16,-$16,,,797,-8.2,-4.7,2,19,57,4.71,1.38,,,,,,,
,,,Jeffrey Springs,,33,ATH,SP,,-$16,-$16,,,369,-6.7,-4.8,9,0,132,4.51,1.31,,,,,,,
,,,Simeon Woods Richardson,,25,MIN,SP,,-$16,-$16,,,397,-6.7,-4.8,8,0,118,4.41,1.32,,,,,,,
,,,Luis Severino,,32,ATH,SP,,-$16,-$16,,,352,-6.8,-4.8,9,0,132,4.54,1.30,,,,,,,
,,,Tyler Freeman,,26,COL,OF,2B,-$16,-$16,,,502,-7.7,-4.6,.343,6,20,75,14,,,,,,,
,,,Joel Peguero,,28,SF,RP,,-$16,-$16,,,813,-8.3,-4.8,3,15,49,4.48,1.40,,,,,,,
,,,Scott Barlow,,33,ATH,RP,,-$16,-$16,,,777,-8.3,-4.8,3,7,60,4.27,1.41,,,,,,,
,,,Sean Newcomb,,32,CHW,RP,SP,-$16,-$16,,,705,-8.3,-4.9,3,5,56,4.07,1.42,,,,,,,
,,,Austin Hays,,30,CHW,OF,,-$16,-$16,,,383,-7.3,-4.7,.297,14,22,88,6,,,,,,,
,,,Nick Martinez,,35,TB,SP,RP,-$16,-$16,,,531,-6.8,-4.9,8,0,100,4.37,1.31,,,,,,,
,,,Drew Anderson,,31,DET,SP,,-$16,-$16,,,570,-6.8,-4.9,6,3,100,4.18,1.37,,,,,,,
,,,Julian Fernández,,30,WSN,SP,,-$16,-$16,,,622,-6.8,-4.9,2,14,59,4.12,1.27,,,,,,,
,,,JJ Bleday,,28,CIN,OF,,-$16,-$16,,,619,-7.3,-4.7,.328,16,19,89,3,,,,,,,
,,,Cole Winn,,26,TEX,RP,,-$16,-$16,,,854,-8.3,-4.9,3,14,57,4.42,1.41,,,,,,,
,,,Javier Sanoja,,23,MIA,3B,"2B,SS,OF,RP",-$16,-$16,,,593,-9.8,-4.7,.316,5,19,69,7,,,,,,,
,,,Corbin Burnes,Inj,31,ARI,SP,,-$16,-$16,,,491,-6.9,-4.9,4,0,79,3.66,1.36,,,,,,,
,,,Owen Caissie,,23,MIA,OF,,-$16,-$16,,,362,-7.3,-4.7,.320,14,21,85,4,,,,,,,
,,,Gavin Lux,,28,TB,OF,2B,-$16,-$16,,,488,-7.8,-4.8,.335,7,22,83,3,,,,,,,
,,,Lenyn Sosa,,26,CHW,2B,1B,-$16,-$16,,,341,-8.6,-4.8,.287,16,19,86,2,,,,,,,
,,,Ryan Brasier,,38,TEX,RP,,-$16,-$16,,,734,-8.4,-5.0,1,1,29,3.84,1.27,,,,,,,
,,,Cade Gibson,,28,MIA,RP,,-$17,-$17,,,835,-8.4,-5.0,3,8,53,4.25,1.41,,,,,,,
,,,Cody Bradford,Inj,28,TEX,SP,,-$17,-$17,,,658,-7.0,-5.0,5,1,54,4.13,1.24,,,,,,,
,,,Cam Smith,,23,HOU,OF,,-$17,-$17,,,345,-7.4,-4.8,.321,11,21,86,7,,,,,,,
,,,Nick Castellanos,,33,SD,OF,,-$17,-$17,,,306,-7.4,-4.8,.315,14,19,94,4,,,,,,,
,,,Zach Cole,,25,HOU,OF,,-$17,-$17,,,529,-7.4,-4.8,.295,14,19,88,13,,,,,,,
,,,Michael Kelly,,33,ATH,RP,,-$17,-$17,,,802,-8.5,-5.0,3,12,46,4.63,1.38,,,,,,,
,,,Dietrich Enns,,34,BAL,RP,SP,-$17,-$17,,,747,-8.5,-5.1,4,6,73,4.31,1.46,,,,,,,
,,,Carson Benge,,23,NYM,OF,,-$17,-$17,,,338,-7.5,-4.9,.317,10,20,89,9,,,,,,,
,,,Patrick Bailey,,26,SF,C,,-$17,-$17,,,462,-9.6,-4.9,.286,9,21,78,2,,,,,,,
,,,Jake Meyers,,29,HOU,OF,,-$17,-$17,,,420,-7.5,-5.0,.319,10,20,79,13,,,,,,,
,,,DL Hall,,27,MIL,RP,SP,-$17,-$17,,,760,-8.6,-5.2,3,2,50,4.16,1.40,,,,,,,
,,,Carlos Narváez,,27,BOS,C,,-$17,-$17,,,400,-9.7,-5.0,.307,12,18,73,2,,,,,,,
,,,Kevin McGonigle,,21,DET,SS,,-$17,-$17,,,279,-8.0,-5.0,.337,10,19,80,6,,,,,,,
,,,Jason Foley,Inj,30,SF,RP,,-$17,-$17,,,768,-8.6,-5.2,2,1,28,3.59,1.38,,,,,,,
,,,Logan O'Hoppe,,26,LAA,C,,-$17,-$17,,,314,-9.8,-5.1,.288,18,16,77,2,,,,,,,
,,,Brooks Baldwin,,25,CHW,OF,"2B,3B,SS",-$17,-$17,,,498,-8.2,-5.1,.308,14,19,79,8,,,,,,,
,,,Ben Casparius,,27,LAD,RP,SP,-$17,-$17,,,810,-8.7,-5.3,4,6,59,4.61,1.40,,,,,,,
,,,Cristian Javier,,28,HOU,SP,,-$18,-$18,,,363,-7.2,-5.3,7,0,114,4.54,1.30,,,,,,,
,,,Blaine Crim,Inj,28,COL,1B,,-$18,-$18,,,766,-9.4,-5.1,.344,11,15,79,2,,,,,,,
,,,Austin Warren,,30,NYM,RP,,-$18,-$18,,,733,-8.8,-5.3,2,3,38,4.23,1.35,,,,,,,
,,,Adbert Alzolay,,30,NYM,RP,,-$18,-$18,,,691,-8.8,-5.4,2,1,30,4.07,1.31,,,,,,,
,,,CJ Kayfus,,24,CLE,OF,1B,-$18,-$18,,,478,-8.2,-5.1,.333,11,19,79,5,,,,,,,
,,,Kyle Harrison,,24,MIL,SP,RP,-$18,-$18,,,653,-7.3,-5.4,4,1,88,4.13,1.34,,,,,,,
,,,Christian Moore,,23,LAA,2B,,-$18,-$18,,,411,-8.5,-5.2,.315,12,18,79,8,,,,,,,
,,,Seth Halvorsen,,26,COL,RP,,-$18,-$18,,,679,-8.8,-5.4,3,9,50,4.61,1.41,,,,,,,
,,,Luis Gil,,27,NYY,SP,,-$18,-$18,,,401,-7.3,-5.4,7,0,87,4.34,1.36,,,,,,,
,,,Ryan Fernandez,,27,STL,RP,,-$18,-$18,,,743,-8.8,-5.4,2,5,46,4.13,1.43,,,,,,,
,,,Craig Kimbrel,,37,NYM,RP,,-$18,-$18,,,822,-8.8,-5.4,2,1,34,4.11,1.44,,,,,,,
,,,Aaron Civale,,30,ATH,SP,RP,-$18,-$18,,,637,-7.4,-5.4,6,0,104,4.60,1.28,,,,,,,
,,,Yoán Moncada,,30,LAA,3B,,-$18,-$18,,,577,-9.8,-5.3,.315,11,18,70,1,,,,,,,
,,,Lance McCullers Jr.,,32,HOU,SP,,-$18,-$18,,,544,-7.4,-5.5,5,1,88,4.23,1.34,,,,,,,
,,,Eduardo Rodriguez,,32,ARI,SP,,-$18,-$18,,,437,-7.4,-5.5,8,0,115,4.40,1.37,,,,,,,
,,,Miguel Andujar,,30,SD,3B,OF,-$18,-$18,,,459,-10.3,-5.3,.316,9,16,71,2,,,,,,,
,,,Jordan Hicks,,29,CHW,RP,SP,-$18,-$18,,,607,-9.0,-5.5,3,5,57,4.38,1.43,,,,,,,
,,,Ha-Seong Kim,Inj,30,ATL,SS,,-$18,-$18,,,402,-8.3,-5.3,.332,9,15,78,15,,,,,,,
,,,Gabriel Arias,,26,CLE,SS,2B,-$18,-$18,,,454,-8.8,-5.3,.299,11,19,76,8,,,,,,,
,,,Adrian Houser,,33,SF,SP,,-$18,-$18,,,518,-7.5,-5.6,8,0,101,4.33,1.35,,,,,,,
,,,Harry Ford,,23,WSN,C,,-$18,-$18,,,452,-10.1,-5.4,.339,7,14,73,6,,,,,,,
,,,Connor Phillips,,24,CIN,RP,,-$19,-$19,,,661,-9.1,-5.7,3,6,64,4.62,1.48,,,,,,,
,,,Graham Pauley,Inj,25,MIA,3B,,-$19,-$19,,,673,-10.0,-5.4,.317,10,17,68,5,,,,,,,
,,,Bryce Eldridge,,21,SF,DH,,-$19,-$19,,,315,-8.1,-5.5,.313,17,19,82,1,,,,,,,
,,,Jorge Soler,,34,LAA,OF,,-$19,-$19,,,392,-8.1,-5.5,.303,20,19,84,1,,,,,,,
,,,Janson Junk,Inj,30,MIA,SP,RP,-$19,-$19,,,681,-7.6,-5.7,6,0,71,4.30,1.32,,,,,,,
,,,Max Muncy (ATH),,23,ATH,3B,2B,-$19,-$19,,,642,-10.5,-5.5,.300,10,16,70,3,,,,,,,
,,,Colby Thomas,,25,ATH,OF,,-$19,-$19,,,525,-8.1,-5.5,.297,14,19,88,5,,,,,,,
,,,Blaze Alexander,,26,BAL,3B,2B,-$19,-$19,,,625,-10.6,-5.5,.314,8,14,70,6,,,,,,,
,,,Dominic Canzone,,28,SEA,OF,,-$19,-$19,,,355,-8.2,-5.6,.315,15,18,82,4,,,,,,,
,,,David Festa,Inj,25,MIN,SP,,-$19,-$19,,,634,-7.7,-5.8,5,1,72,4.26,1.36,,,,,,,
,,,Carlos Santana,,39,ARI,1B,,-$19,-$19,,,820,-9.9,-5.6,.329,10,15,72,4,,,,,,,
,,,Bryce Elder,,26,ATL,SP,,-$19,-$19,,,659,-7.8,-5.8,7,1,111,4.41,1.36,,,,,,,
,,,Ryan Weiss,,29,HOU,SP,,-$19,-$19,,,543,-7.8,-5.8,5,1,97,4.26,1.39,,,,,,,
,,,Kyle Karros,,23,COL,3B,,-$19,-$19,,,589,-10.2,-5.6,.345,6,15,71,3,,,,,,,
,,,AJ Blubaugh,,25,HOU,RP,SP,-$20,-$20,,,704,-9.3,-5.9,4,1,63,4.47,1.49,,,,,,,
,,,Luinder Avila,,24,KC,RP,,-$20,-$20,,,925,-9.3,-5.9,3,3,42,4.26,1.51,,,,,,,
,,,Connelly Early,,23,BOS,SP,,-$20,-$20,,,216,-7.9,-6.0,4,1,67,4.01,1.42,,,,,,,
,,,Jonathan Loáisiga,,31,ARI,RP,,-$20,-$20,,,800,-9.4,-6.0,2,1,24,4.13,1.46,,,,,,,
,,,Eric Lauer,,30,TOR,SP,RP,-$20,-$20,,,640,-8.0,-6.0,5,2,69,4.32,1.37,,,,,,,
,,,Alex Freeland,,24,LAD,3B,2B,-$20,-$20,,,809,-10.8,-5.8,.341,8,10,75,6,,,,,,,
,,,Romy Gonzalez,Inj,29,BOS,1B,2B,-$20,-$20,,,399,-10.6,-5.8,.316,8,15,63,7,,,,,,,
,,,Alek Thomas,,25,ARI,OF,,-$20,-$20,,,522,-8.4,-5.8,.300,10,21,79,8,,,,,,,
,,,Cade Cavalli,,27,WSN,SP,,-$20,-$20,,,330,-8.0,-6.0,6,0,99,4.42,1.35,,,,,,,
,,,Hunter Barco,,25,PIT,SP,,-$20,-$20,,,604,-8.0,-6.1,5,1,71,4.19,1.41,,,,,,,
,,,Patrick Sandoval,Inj,29,BOS,SP,,-$20,-$20,,,776,-8.0,-6.1,5,1,67,4.06,1.42,,,,,,,
,,,Ben Williamson,,25,TB,3B,,-$20,-$20,,,853,-10.4,-5.9,.321,4,16,72,7,,,,,,,
,,,Kyle Isbel,,28,KC,OF,,-$20,-$20,,,595,-8.5,-5.9,.293,8,23,79,9,,,,,,,
,,,Thomas Saggese,,23,STL,2B,"3B,SS",-$20,-$20,,,580,-9.8,-5.9,.304,8,18,76,4,,,,,,,
,,,Colt Emerson,,20,SEA,SS,,-$20,-$20,,,458,-8.9,-5.9,.305,8,19,82,7,,,,,,,
,,,Drey Jameson,,28,ARI,SP,,-$20,-$20,,,740,-8.1,-6.2,2,12,56,4.20,1.40,,,,,,,
,,,Javier Assad,,28,CHC,SP,,-$20,-$20,,,684,-8.1,-6.2,5,4,58,4.15,1.43,,,,,,,
,,,Chris Paddack,,30,MIA,SP,RP,-$20,-$20,,,883,-8.1,-6.2,6,0,91,4.61,1.31,,,,,,,
,,,Yariel Rodríguez,,28,TOR,RP,,-$21,-$21,,,815,-9.6,-6.2,2,1,42,4.35,1.51,,,,,,,
,,,Nasim Nuñez,,25,WSN,SS,2B,-$21,-$21,,,455,-9.5,-6.0,.316,5,12,69,28,,,,,,,
,,,Hunter Dobbins,Inj,26,STL,SP,,-$21,-$21,,,764,-8.2,-6.3,5,1,62,4.38,1.34,,,,,,,
,,,Davis Schneider,,27,TOR,OF,2B,-$21,-$21,,,676,-9.1,-6.0,.330,14,14,78,5,,,,,,,
,,,Carson Kelly,,31,CHC,C,,-$21,-$21,,,381,-10.7,-6.0,.335,11,13,67,2,,,,,,,
,,,Ben Brown,,26,CHC,SP,RP,-$21,-$21,,,517,-8.2,-6.3,3,1,65,4.06,1.38,,,,,,,
,,,Luis Morales,,23,ATH,SP,,-$21,-$21,,,385,-8.2,-6.3,7,0,99,4.57,1.37,,,,,,,
,,,Joc Pederson,,33,TEX,DH,,-$21,-$21,,,533,-8.6,-6.0,.338,16,16,75,3,,,,,,,
,,,Griffin Canning,Inj,29,SD,SP,,-$21,-$21,,,727,-8.2,-6.3,6,1,89,4.54,1.36,,,,,,,
,,,Christopher Morel,,26,MIA,OF,,-$21,-$21,,,485,-8.7,-6.1,.305,16,16,79,7,,,,,,,
,,,Andre Pallante,,27,STL,SP,,-$21,-$21,,,830,-8.3,-6.4,7,1,95,4.24,1.41,,,,,,,
,,,Denzel Clarke,,25,ATH,OF,,-$21,-$21,,,468,-8.8,-6.2,.294,8,20,71,14,,,,,,,
,,,Joey Loperfido,,26,HOU,OF,,-$21,-$21,,,881,-8.8,-6.2,.291,11,18,84,8,,,,,,,
,,,Richard Fitts,,26,STL,SP,,-$21,-$21,,,609,-8.4,-6.5,5,0,77,4.51,1.34,,,,,,,
,,,Jake Bauers,,30,MIL,1B,"OF,RP",-$21,-$21,,,616,-11.1,-6.3,.317,11,12,59,8,,,,,,,
,,,Abimelec Ortiz,,24,WSN,1B,,-$21,-$21,,,611,-10.6,-6.3,.303,12,14,74,2,,,,,,,
,,,Coby Mayo,,24,BAL,1B,,-$22,-$22,,,538,-10.6,-6.3,.322,12,13,72,2,,,,,,,
,,,Mick Abel,,24,MIN,SP,,-$22,-$22,,,516,-8.6,-6.6,6,1,104,4.51,1.40,,,,,,,
,,,Sean Murphy,Inj,31,ATL,C,,-$22,-$22,,,426,-11.1,-6.4,.310,14,13,67,0,,,,,,,
,,,Jett Williams,,22,MIL,SS,,-$22,-$22,,,573,-9.4,-6.4,.323,7,16,77,10,,,,,,,
,,,Liam Hicks,,26,MIA,C,1B,-$22,-$22,,,585,-11.7,-6.5,.333,5,14,60,2,,,,,,,
,,,Kody Clemens,,29,MIN,1B,"2B,OF",-$22,-$22,,,480,-11.3,-6.5,.293,12,13,65,3,,,,,,,
,,,Amed Rosario,,30,NYY,3B,2B,-$22,-$22,,,774,-11.5,-6.5,.314,6,14,63,5,,,,,,,
,,,Hayden Birdsong,,24,SF,RP,SP,-$22,-$22,,,688,-10.2,-6.8,4,1,68,4.78,1.55,,,,,,,
,,,Heriberto Hernández,,26,MIA,OF,,-$22,-$22,,,632,-9.1,-6.5,.314,13,17,78,3,,,,,,,
,,,Jake Mangum,,29,PIT,OF,,-$23,-$23,,,360,-9.2,-6.6,.321,3,19,68,14,,,,,,,
,,,Victor Caratini,,32,MIN,C,1B,-$23,-$23,,,447,-11.8,-6.6,.317,10,13,60,1,,,,,,,
,,,Jacob Young,,26,WSN,OF,,-$23,-$23,,,716,-9.2,-6.6,.308,4,16,77,19,,,,,,,
,,,Joe Mack,,23,MIA,C,,-$23,-$23,,,546,-11.3,-6.6,.288,10,13,72,3,,,,,,,
,,,Clarke Schmidt,Inj,30,NYY,SP,,-$23,-$23,,,748,-8.8,-6.9,3,1,46,4.18,1.42,,,,,,,
,,,Rhett Lowder,,23,CIN,SP,,-$23,-$23,,,555,-8.9,-7.0,5,1,68,4.57,1.38,,,,,,,
,,,Jonah Tong,,22,NYM,SP,,-$23,-$23,,,358,-8.9,-7.0,4,1,63,4.22,1.55,,,,,,,
,,,Keibert Ruiz,,27,WSN,C,,-$23,-$23,,,473,-11.4,-6.7,.297,9,16,63,2,,,,,,,
,,,Jeremiah Jackson,,25,BAL,OF,3B,-$23,-$23,,,741,-9.9,-6.8,.292,12,17,76,5,,,,,,,
,,,Brandon Sproat,,25,MIL,SP,,-$23,-$23,,,509,-9.0,-7.0,5,1,70,4.39,1.46,,,,,,,
,,,Ryan Ritter,,25,COL,SS,2B,-$23,-$23,,,724,-10.3,-6.8,.323,8,15,72,5,,,,,,,
,,,Darell Hernaiz,,24,ATH,SS,"2B,3B",-$23,-$23,,,778,-10.3,-6.8,.328,5,15,75,6,,,,,,,
,,,Andrew Alvarez,,26,WSN,SP,,-$23,-$23,,,841,-9.0,-7.1,5,1,76,4.31,1.43,,,,,,,
,,,Michael Massey,,27,KC,2B,OF,-$23,-$23,,,772,-10.7,-6.8,.290,10,18,67,2,,,,,,,
,,,Joe Boyle,,26,TB,SP,,-$23,-$23,,,494,-9.0,-7.1,4,1,87,4.39,1.50,,,,,,,
,,,Colin Rea,,35,CHC,SP,RP,-$23,-$23,,,581,-9.0,-7.1,6,0,72,4.60,1.41,,,,,,,
,,,Jake Fraley,,30,TB,OF,,-$24,-$24,,,565,-9.4,-6.8,.339,9,15,65,11,,,,,,,
,,,Freddy Fermin,,30,SD,C,,-$24,-$24,,,414,-11.6,-6.9,.306,9,14,63,2,,,,,,,
,,,Ryan Waldschmidt,,23,ARI,OF,,-$24,-$24,,,466,-9.4,-6.9,.353,7,13,80,8,,,,,,,
,,,Tyler O'Neill,,30,BAL,OF,,-$24,-$24,,,417,-9.5,-6.9,.318,17,13,75,5,,,,,,,
,,,J.T. Ginn,,26,ATH,SP,RP,-$24,-$24,,,590,-9.1,-7.2,4,1,65,4.48,1.44,,,,,,,
,,,Davis Martin,,29,CHW,SP,,-$24,-$24,,,628,-9.1,-7.2,7,0,109,4.73,1.36,,,,,,,
,,,Esteury Ruiz,,27,MIA,OF,,-$24,-$24,,,615,-9.5,-6.9,.330,6,12,71,22,,,,,,,
,,,Danny Jansen,,30,TEX,C,,-$24,-$24,,,476,-11.7,-7.0,.315,12,12,60,1,,,,,,,
,,,Hurston Waldrep,Inj,23,ATL,SP,,-$24,-$24,,,332,-9.2,-7.3,5,0,83,4.46,1.47,,,,,,,
,,,Logan Allen,,27,CLE,SP,,-$24,-$24,,,763,-9.2,-7.3,6,1,101,4.54,1.43,,,,,,,
,,,Andrew Painter,,22,PHI,SP,,-$24,-$24,,,339,-9.2,-7.3,5,1,90,4.70,1.40,,,,,,,
,,,Eric Wagaman,,28,MIN,1B,OF,-$24,-$24,,,692,-11.9,-7.0,.318,6,13,62,3,,,,,,,
,,,Sean Burke,,26,CHW,SP,RP,-$24,-$24,,,534,-9.3,-7.3,6,0,128,4.79,1.38,,,,,,,
,,,Angel Martínez,,24,CLE,OF,2B,-$24,-$24,,,666,-10.1,-7.1,.295,8,17,73,6,,,,,,,
,,,Austin Martin,,26,MIN,OF,,-$24,-$24,,,594,-9.6,-7.1,.345,4,17,63,13,,,,,,,
,,,Kendry Rojas,,23,MIN,SP,,-$24,-$24,,,870,-9.3,-7.4,3,1,45,4.19,1.49,,,,,,,
,,,Tyler Austin,Inj,34,CHC,1B,,-$24,-$24,,,857,-11.4,-7.1,.342,10,13,59,1,,,,,,,
,,,José Urquidy,,30,PIT,SP,,-$24,-$24,,,901,-9.3,-7.4,5,1,57,4.79,1.35,,,,,,,
,,,JP Sears,,30,SD,SP,,-$24,-$24,,,560,-9.3,-7.4,5,0,75,4.84,1.42,,,,,,,
,,,Spencer Arrighetti,,26,HOU,SP,,-$24,-$24,,,441,-9.3,-7.4,4,0,84,4.66,1.42,,,,,,,
,,,Giancarlo Stanton,,36,NYY,OF,,-$24,-$24,,,294,-9.7,-7.1,.311,22,12,76,0,,,,,,,
,,,Vaughn Grissom,,25,LAA,2B,,-$25,-$25,,,584,-10.6,-7.2,.315,7,15,72,6,,,,,,,
,,,David Hamilton,,28,MIL,2B,SS,-$25,-$25,,,804,-11.1,-7.2,.297,7,10,58,22,,,,,,,
,,,Ezequiel Duran,,26,TEX,SS,"1B,2B,3B,OF",-$25,-$25,,,759,-10.7,-7.2,.295,7,17,60,10,,,,,,,
,,,Anthony Kay,,30,CHW,SP,,-$25,-$25,,,652,-9.5,-7.5,5,0,105,4.57,1.42,,,,,,,
,,,Ryan Mountcastle,,29,BAL,1B,,-$25,-$25,,,561,-11.6,-7.3,.311,10,12,65,2,,,,,,,
,,,Stephen Kolek,Inj,28,KC,SP,,-$25,-$25,,,755,-9.6,-7.6,5,0,61,4.41,1.48,,,,,,,
,,,Dalton Rushing,,25,LAD,C,,-$25,-$25,,,506,-12.1,-7.4,.323,10,11,63,1,,,,,,,
,,,Pedro Pagés,,27,STL,C,,-$25,-$25,,,530,-12.1,-7.4,.297,10,14,59,1,,,,,,,
,,,Javier Báez,,33,DET,SS,"2B,3B,OF",-$25,-$25,,,464,-10.9,-7.4,.272,10,16,72,6,,,,,,,
,,,Charlie Condon,,22,COL,1B,,-$26,-$26,,,554,-11.8,-7.4,.321,9,13,60,2,,,,,,,
,,,Henry Davis,,26,PIT,C,,-$26,-$26,,,629,-12.2,-7.5,.290,9,13,59,4,,,,,,,
,,,Gavin Stone,,27,LAD,SP,,-$26,-$26,,,798,-9.8,-7.8,3,1,46,4.59,1.47,,,,,,,
,,,Trevor McDonald,,25,SF,SP,,-$26,-$26,,,715,-9.8,-7.8,4,1,65,4.51,1.47,,,,,,,
,,,Jhostynxon Garcia,,23,PIT,OF,,-$26,-$26,,,484,-10.1,-7.5,.286,11,17,75,4,,,,,,,
,,,Braxton Fulford,,27,COL,C,,-$26,-$26,,,817,-12.2,-7.5,.305,7,13,56,3,,,,,,,
,,,Ronny Mauricio,,24,NYM,3B,,-$26,-$26,,,636,-12.1,-7.6,.299,9,11,61,7,,,,,,,
,,,Alek Manoah,,28,LAA,SP,,-$26,-$26,,,742,-9.8,-7.9,4,0,80,4.86,1.38,,,,,,,
,,,Will Benson,,27,CIN,OF,,-$26,-$26,,,749,-10.2,-7.6,.318,11,14,70,7,,,,,,,
,,,Casey Schmitt,,26,SF,2B,"1B,3B",-$26,-$26,,,599,-11.5,-7.6,.300,10,14,66,2,,,,,,,
,,,River Ryan,,27,LAD,SP,,-$26,-$26,,,646,-9.8,-7.9,3,1,36,4.83,1.50,,,,,,,
,,,Nathan Lukes,,31,TOR,OF,,-$26,-$26,,,569,-10.2,-7.6,.331,7,16,70,3,,,,,,,
,,,Jasson Domínguez,,23,NYY,OF,,-$26,-$26,,,275,-10.2,-7.6,.345,8,11,70,12,,,,,,,
,,,Jordan Montgomery,Inj,33,TEX,SP,,-$26,-$26,,,913,-9.9,-8.0,4,1,51,4.69,1.50,,,,,,,
,,,Chase DeLauter,,24,CLE,OF,,-$26,-$26,,,278,-10.3,-7.7,.318,10,18,61,3,,,,,,,
,,,Colton Gordon,,27,HOU,SP,RP,-$26,-$26,,,807,-9.9,-8.0,3,1,53,4.58,1.54,,,,,,,
,,,T.J. Rumfield,,25,COL,1B,,-$26,-$26,,,919,-12.0,-7.7,.348,6,11,62,2,,,,,,,
,,,Zach Maxwell,,25,CIN,SP,RP,-$26,-$26,,,1145,-10.0,-8.0,2,3,45,4.81,1.55,,,,,,,
,,,Travis Bazzana,,23,CLE,2B,,-$27,-$27,,,508,-11.1,-7.7,.319,7,13,69,5,,,,,,,
,,,Mauricio Dubón,,31,ATL,OF,"2B,3B,SS",-$27,-$27,,,507,-10.9,-7.8,.305,5,17,68,3,,,,,,,
,,,Josiah Gray,Inj,28,WSN,SP,,-$27,-$27,,,864,-10.1,-8.1,5,0,96,4.85,1.41,,,,,,,
,,,James Outman,,28,MIN,OF,,-$27,-$27,,,865,-10.5,-7.9,.306,11,13,73,6,,,,,,,
,,,Gage Jump,,22,ATH,SP,,-$27,-$27,,,782,-10.2,-8.3,2,0,45,4.70,1.58,,,,,,,
,,,Ryan Clifford,,22,NYM,1B,,-$28,-$28,,,897,-12.3,-8.0,.352,8,7,68,2,,,,,,,
,,,Joey Bart,,29,PIT,C,,-$28,-$28,,,496,-12.7,-8.0,.322,7,11,54,1,,,,,,,
,,,Griffin Conine,,28,MIA,OF,,-$28,-$28,,,515,-10.7,-8.1,.299,12,16,68,1,,,,,,,
,,,Kristian Campbell,,23,BOS,2B,,-$28,-$28,,,418,-11.5,-8.1,.343,7,11,70,3,,,,,,,
,,,Nick Yorke,,23,PIT,2B,,-$28,-$28,,,843,-11.5,-8.1,.328,5,12,65,6,,,,,,,
,,,Connor Wong,Inj,29,BOS,C,,-$28,-$28,,,750,-12.8,-8.1,.299,6,13,53,4,,,,,,,
,,,Zack Gelof,Inj,26,ATH,2B,,-$28,-$28,,,576,-11.5,-8.1,.308,10,10,67,7,,,,,,,
,,,Tim Tawa,,26,ARI,2B,"1B,OF",-$28,-$28,,,558,-12.1,-8.2,.303,8,12,59,6,,,,,,,
,,,Miguel Amaya,,26,CHC,C,,-$28,-$28,,,514,-12.9,-8.2,.295,8,14,52,1,,,,,,,
,,,Garrett Mitchell,Inj,27,MIL,OF,,-$28,-$28,,,545,-10.8,-8.2,.306,8,16,54,11,,,,,,,
,,,Robert Hassell III,,24,WSN,OF,,-$28,-$28,,,701,-10.8,-8.2,.309,6,14,68,8,,,,,,,
,,,Ryan Bergert,,25,KC,SP,,-$28,-$28,,,682,-10.5,-8.6,4,0,57,4.81,1.54,,,,,,,
,,,Caden Dana,,22,LAA,SP,,-$28,-$28,,,958,-10.6,-8.6,4,0,90,5.01,1.44,,,,,,,
,,,Adael Amador,,22,COL,2B,,-$28,-$28,,,638,-11.7,-8.3,.354,6,11,58,7,,,,,,,
,,,Kohl Drake,,25,ARI,SP,,-$28,-$28,,,880,-10.6,-8.6,2,0,36,4.92,1.68,,,,,,,
,,,Carson Whisenhunt,,25,SF,SP,,-$29,-$29,,,838,-10.6,-8.7,3,1,42,4.74,1.65,,,,,,,
,,,Jonathon Long,,24,CHC,1B,,-$29,-$29,,,987,-12.7,-8.3,.377,6,7,67,0,,,,,,,
,,,Maximo Acosta,,23,MIA,3B,,-$29,-$29,,,893,-12.9,-8.3,.307,6,9,57,8,,,,,,,
,,,Taylor Walls,Inj,29,TB,SS,,-$29,-$29,,,707,-11.3,-8.4,.298,5,14,59,14,,,,,,,
,,,Daniel Schneemann,,29,CLE,2B,"3B,SS,OF",-$29,-$29,,,736,-12.3,-8.4,.310,7,12,58,5,,,,,,,
,,,Jesus Rodriguez,,23,SF,C,,-$29,-$29,,,842,-13.1,-8.4,.350,3,9,57,5,,,,,,,
,,,Triston Casas,Inj,26,BOS,1B,,-$29,-$29,,,416,-12.8,-8.4,.354,10,9,52,0,,,,,,,
,,,Oswald Peraza,,25,LAA,3B,"1B,2B,SS",-$29,-$29,,,879,-13.5,-8.5,.289,7,8,51,8,,,,,,,
,,,Luke Raley,,31,SEA,OF,1B,-$29,-$29,,,657,-11.6,-8.5,.290,11,13,62,5,,,,,,,
,,,Mitch Bratt,,22,ARI,SP,,-$29,-$29,,,861,-10.8,-8.9,1,0,39,4.67,1.67,,,,,,,
,,,George Valera,,25,CLE,DH,,-$29,-$29,,,752,-11.2,-8.6,.309,12,14,63,2,,,,,,,
,,,Luis Campusano,,27,SD,DH,,-$29,-$29,,,678,-11.2,-8.6,.329,10,12,70,1,,,,,,,
,,,Randy Vásquez,,27,SD,SP,,-$30,-$30,,,784,-10.9,-9.0,6,1,80,4.92,1.43,,,,,,,
,,,Jake Irvin,,29,WSN,SP,,-$30,-$30,,,912,-11.0,-9.0,5,1,87,4.99,1.44,,,,,,,
,,,Nathan Church,,25,STL,OF,,-$30,-$30,,,785,-11.3,-8.7,.311,5,13,69,7,,,,,,,
,,,José Fermín,,26,STL,2B,,-$30,-$30,,,911,-12.1,-8.7,.336,5,12,55,8,,,,,,,
,,,Aidan Miller,,21,PHI,SS,,-$30,-$30,,,490,-11.7,-8.7,.331,5,9,64,12,,,,,,,
,,,Jimmy Crooks,,24,STL,C,,-$30,-$30,,,672,-13.4,-8.7,.314,6,10,55,0,,,,,,,
,,,Matt Vierling,,29,DET,OF,,-$30,-$30,,,694,-11.4,-8.8,.314,7,14,66,4,,,,,,,
,,,Drew Gilbert,,25,SF,OF,,-$30,-$30,,,826,-11.4,-8.8,.328,7,13,63,3,,,,,,,
,,,Kyle Higashioka,,35,TEX,C,,-$30,-$30,,,523,-13.5,-8.8,.285,10,11,46,2,,,,,,,
,,,Everson Pereira,,24,CHW,OF,,-$30,-$30,,,904,-11.4,-8.8,.310,11,11,66,6,,,,,,,
,,,Hyeseong Kim,,27,LAD,2B,"SS,OF",-$30,-$30,,,471,-12.8,-8.9,.303,4,10,52,12,,,,,,,
,,,Masataka Yoshida,,32,BOS,DH,,-$31,-$31,,,603,-11.5,-8.9,.342,7,13,60,3,,,,,,,
,,,Jonny DeLuca,,27,TB,OF,,-$31,-$31,,,639,-11.5,-8.9,.290,8,14,55,11,,,,,,,
,,,Victor Robles,,28,SEA,OF,,-$31,-$31,,,373,-11.6,-9.0,.302,5,13,53,16,,,,,,,
,,,Johan Rojas,,25,PHI,OF,,-$31,-$31,,,1116,-11.6,-9.0,.295,4,12,62,15,,,,,,,
,,,Nick Fortes,,29,TB,C,,-$31,-$31,,,575,-13.7,-9.0,.280,7,12,50,2,,,,,,,
,,,Anthony Santander,Inj,31,TOR,OF,,-$31,-$31,,,303,-11.6,-9.0,.331,13,9,69,0,,,,,,,
,,,Edmundo Sosa,,29,PHI,2B,"3B,SS",-$31,-$31,,,670,-12.9,-9.1,.283,8,12,54,3,,,,,,,
,,,Ryan Bliss,,26,SEA,2B,,-$31,-$31,,,891,-12.5,-9.1,.300,5,10,58,12,,,,,,,
,,,Curtis Mead,,25,CHW,1B,"2B,3B",-$31,-$31,,,806,-13.9,-9.1,.312,5,9,48,3,,,,,,,
,,,Brice Matthews,,23,HOU,2B,,-$32,-$32,,,621,-12.6,-9.2,.323,7,7,59,9,,,,,,,
,,,Thomas Harrington,,24,PIT,SP,,-$32,-$32,,,1155,-11.5,-9.6,0,1,34,5.10,1.71,,,,,,,
,,,Zac Veen,,24,COL,OF,,-$32,-$32,,,650,-11.8,-9.2,.321,7,12,56,8,,,,,,,
,,,Michael Lorenzen,,34,COL,SP,,-$32,-$32,,,834,-11.6,-9.6,7,0,113,5.17,1.44,,,,,,,
,,,Braden Montgomery,,22,CHW,OF,,-$32,-$32,,,566,-11.9,-9.3,.311,6,13,62,4,,,,,,,
,,,Luis Matos,,24,SF,OF,,-$32,-$32,,,718,-11.9,-9.3,.314,8,11,63,4,,,,,,,
,,,Endy Rodríguez,,25,PIT,1B,,-$32,-$32,,,981,-13.7,-9.3,.329,4,11,49,1,,,,,,,
,,,Jahmai Jones,,28,DET,OF,,-$32,-$32,,,935,-12.0,-9.4,.340,7,11,59,4,,,,,,,
,,,Dane Myers,,29,CIN,OF,,-$32,-$32,,,851,-12.0,-9.4,.309,7,10,59,10,,,,,,,
,,,Jose Trevino,,33,CIN,C,,-$32,-$32,,,811,-14.2,-9.5,.290,6,11,43,1,,,,,,,
,,,Max Anderson,,23,DET,2B,,-$33,-$33,,,876,-12.9,-9.5,.309,5,10,68,1,,,,,,,
,,,Walker Buehler,,31,SD,SP,,-$33,-$33,,,823,-11.9,-10.0,3,1,47,5.41,1.67,,,,,,,
,,,Luis Torrens,,29,NYM,C,,-$33,-$33,,,702,-14.3,-9.6,.295,6,10,42,1,,,,,,,
,,,Jose Quintana,,37,COL,SP,,-$33,-$33,,,770,-12.0,-10.0,7,0,100,4.99,1.47,,,,,,,
,,,Tyler Fitzgerald,,28,SF,2B,,-$33,-$33,,,978,-13.1,-9.7,.304,6,9,58,6,,,,,,,
,,,Isiah Kiner-Falefa,,30,BOS,SS,"2B,3B",-$33,-$33,,,648,-13.2,-9.7,.301,3,10,56,8,,,,,,,
,,,Jake Rogers,,30,DET,C,,-$33,-$33,,,956,-14.4,-9.7,.286,7,9,46,1,,,,,,,
,,,Tommy Troy,,24,ARI,2B,,-$33,-$33,,,991,-13.1,-9.7,.330,3,10,55,5,,,,,,,
,,,Miguel Rojas,,37,LAD,2B,"3B,SS",-$34,-$34,,,675,-13.7,-9.8,.319,4,11,46,3,,,,,,,
,,,Tre' Morgan,,23,TB,1B,,-$34,-$34,,,1071,-14.4,-10.0,.359,4,7,45,2,,,,,,,
,,,Travis d'Arnaud,,37,LAA,C,,-$34,-$34,,,952,-14.7,-10.0,.270,7,11,40,0,,,,,,,
,,,Jorge Mateo,,30,ATL,SS,OF,-$35,-$35,,,744,-13.6,-10.1,.283,4,9,41,16,,,,,,,
,,,James McCann,,35,ARI,C,,-$35,-$35,,,788,-14.8,-10.1,.295,6,9,41,1,,,,,,,
,,,Gabriel Rincones Jr.,,24,PHI,OF,,-$35,-$35,,,1125,-12.7,-10.1,.341,7,8,59,6,,,,,,,
,,,Nolan Jones,,27,CLE,OF,,-$35,-$35,,,836,-12.8,-10.2,.328,5,10,57,4,,,,,,,
,,,Jacob Melton,,25,TB,OF,,-$35,-$35,,,440,-12.9,-10.3,.292,7,9,52,13,,,,,,,
,,,Paul DeJong,,32,NYY,3B,"2B,SS",-$36,-$36,,,1050,-15.4,-10.4,.273,7,6,42,2,,,,,,,
,,,Alejandro Osuna,,23,TEX,OF,,-$36,-$36,,,769,-13.0,-10.5,.339,4,9,53,7,,,,,,,
,,,Rob Refsnyder,,34,SEA,OF,,-$36,-$36,,,866,-13.1,-10.5,.338,7,10,47,3,,,,,,,
,,,Dylan Moore,,33,PHI,2B,"1B,3B,OF",-$36,-$36,,,792,-14.4,-10.6,.313,6,6,43,8,,,,,,,
,,,Andruw Monasterio,,28,BOS,SS,"1B,2B",-$36,-$36,,,732,-14.1,-10.6,.331,3,8,48,4,,,,,,,
,,,Walker Jenkins,,21,MIN,OF,,-$37,-$37,,,551,-13.5,-10.9,.331,4,9,50,5,,,,,,,
,,,Jeferson Quero,,23,MIL,C,,-$37,-$37,,,626,-15.6,-10.9,.321,4,6,39,1,,,,,,,
,,,Chase Dollander,,24,COL,SP,,-$37,-$37,,,710,-13.3,-11.4,5,0,96,5.54,1.53,,,,,,,
,,,David Fry,,30,CLE,DH,,-$38,-$38,,,647,-13.7,-11.1,.306,8,10,48,2,,,,,,,
,,,Kevin Alcántara,,23,CHC,OF,,-$38,-$38,,,825,-13.8,-11.2,.322,6,7,54,3,,,,,,,
,,,Jerar Encarnacion,,28,SF,OF,,-$39,-$39,,,840,-13.9,-11.3,.310,8,8,50,2,,,,,,,
,,,Heston Kjerstad,,27,BAL,OF,,-$41,-$41,,,845,-14.5,-11.9,.302,6,8,49,1,,,,,,,
,,,Emmanuel Rodriguez,,22,MIN,OF,,-$41,-$41,,,709,-14.6,-12.0,.371,4,6,42,3,,,,,,,
,,,Kemp Alderman,,23,MIA,OF,,,,,,931,,,,,,,,,,,,,,
,,,Nacho Alvarez Jr.,,22,ATL,3B,,,,,,941,,,,,,,,,,,,,,
,,,Kade Anderson,,21,SEA,SP,,,,,,801,,,,,,,,,,,,,,
,,,Jamie Arnold,,21,ATH,SP,,,,,,1006,,,,,,,,,,,,,,
,,,Michael Arroyo,,21,SEA,2B,,,,,,1044,,,,,,,,,,,,,,
,,,Joshua Baez,,22,STL,OF,,,,,,504,,,,,,,,,,,,,,
,,,Moisés Ballesteros,,22,CHC,DH,,,,,,365,,,,,,,,,,,,,,
,,,Félix Bautista,Inj,30,BAL,RP,,,,,,757,,,,,,,,,,,,,,
,,,Jalen Beeks,,32,PIT,RP,,,,,,737,,,,,,,,,,,,,,
,,,Warming Bernabel,,23,WSN,1B,,,,,,929,,,,,,,,,,,,,,
,,,Leonardo Bernal,,22,STL,C,,,,,,1285,,,,,,,,,,,,,,
,,,Henry Bolte,,22,ATH,OF,,,,,,1081,,,,,,,,,,,,,,
,,,Enrique Bradfield Jr.,,24,BAL,OF,,,,,,712,,,,,,,,,,,,,,
,,,Tyler Bremner,,21,LAA,SP,,,,,,1157,,,,,,,,,,,,,,
,,,Josue Briceño,,21,DET,C,,,,,,888,,,,,,,,,,,,,,
,,,Max Clark,,21,DET,OF,,,,,,549,,,,,,,,,,,,,,
,,,Emmanuel Clase,,27,CLE,RP,,,,,,,,,,,,,,,,,,,,
,,,Alex Cobb,,38,DET,SP,,,,,,683,,,,,,,,,,,,,,
,,,Michael Conforto,,32,LAD,OF,,,,,,761,,,,,,,,,,,,,,
,,,Jose Corniell,,22,TEX,SP,,,,,,920,,,,,,,,,,,,,,
,,,Danny Coulombe,,36,TEX,RP,,,,,,641,,,,,,,,,,,,,,
,,,Kutter Crawford,Inj,29,BOS,SP,,,,,,499,,,,,,,,,,,,,,
,,,Cooper Criswell,,29,SEA,RP,,,,,,790,,,,,,,,,,,,,,
,,,Coleman Crow,,25,MIL,SP,,,,,,731,,,,,,,,,,,,,,
,,,Kaelen Culpepper,,23,MIN,SS,,,,,,758,,,,,,,,,,,,,,
,,,Bo Davidson,,23,SF,OF,,,,,,1226,,,,,,,,,,,,,,
,,,Luis De León,,22,BAL,SP,,,,,,1228,,,,,,,,,,,,,,
,,,Deyvison De Los Santos,,22,MIA,1B,,,,,,889,,,,,,,,,,,,,,
,,,Enyel De Los Santos,Inj,30,HOU,RP,,,,,,719,,,,,,,,,,,,,,
,,,Josue De Paula,,20,LAD,OF,,,,,,1200,,,,,,,,,,,,,,
,,,Leo De Vries,,19,ATH,SS,,,,,,697,,,,,,,,,,,,,,
,,,Adrian Del Castillo,Inj,26,ARI,DH,,,,,,556,,,,,,,,,,,,,,
,,,Liam Doyle,,21,STL,SP,,,,,,900,,,,,,,,,,,,,,
,,,Christian Encarnacion-Strand,,26,CIN,1B,,,,,,698,,,,,,,,,,,,,,
,,,Daniel Espino,,25,CLE,SP,,,,,,937,,,,,,,,,,,,,,
,,,Thairo Estrada,,30,COL,2B,,,,,,847,,,,,,,,,,,,,,
,,,Yanquiel Fernández,,23,NYY,OF,,,,,,908,,,,,,,,,,,,,,
,,,Jose A. Ferrer,,26,SEA,RP,,,,$1,$1,405,,,,,,,,,,,,,,
,,,Ty France,,31,SD,1B,,,,,,791,,,,,,,,,,,,,,
,,,Bowden Francis,Inj,29,TOR,SP,,,,,,745,,,,,,,,,,,,,,
,,,Didier Fuentes,,20,ATL,SP,,,,,,871,,,,,,,,,,,,,,
,,,Mitch Garver,,35,SEA,C,,,,,,873,,,,,,,,,,,,,,
,,,Angel Genao,,21,CLE,SS,,,,,,1207,,,,,,,,,,,,,,
,,,Trey Gibson,,23,BAL,SP,,,,,,808,,,,,,,,,,,,,,
,,,Lucas Giolito,,31,BOS,SP,,,,,,443,,,,,,,,,,,,,,
,,,Sawyer Gipson-Long,,28,DET,SP,RP,,,,,723,,,,,,,,,,,,,,
,,,Paul Goldschmidt,,38,NYY,1B,,,,,,384,,,,,,,,,,,,,,
,,,Yoendrys Gómez,,26,TB,RP,SP,,,,,793,,,,,,,,,,,,,,
,,,Gabriel Gonzalez,,22,MIN,OF,,,,,,1217,,,,,,,,,,,,,,
,,,Jon Gray,,34,TEX,RP,,,,,,821,,,,,,,,,,,,,,
,,,Emerson Hancock,,26,SEA,SP,RP,,,,,858,,,,,,,,,,,,,,
,,,Jonah Heim,,30,ATL,C,,,,,,532,,,,,,,,,,,,,,
,,,Liam Hendriks,,37,MIN,RP,,,,,,910,,,,,,,,,,,,,,
,,,Ronny Henriquez,Inj,25,MIA,RP,,,,,,495,,,,,,,,,,,,,,
,,,Enrique Hernández,Inj,34,LAD,1B,"2B,3B,OF,RP",,,,,994,,,,,,,,,,,,,,
,,,DJ Herz,Inj,25,WSN,SP,,,,,,886,,,,,,,,,,,,,,
,,,Brody Hopkins,,24,TB,SP,,,,,,818,,,,,,,,,,,,,,
,,,Rhys Hoskins,,32,CLE,1B,,,,,,500,,,,,,,,,,,,,,
,,,Tatsuya Imai,,27,HOU,SP,,,,,,176,,,,,,,,,,,,,,
,,,Cooper Ingle,,24,CLE,C,,,,,,795,,,,,,,,,,,,,,
,,,Joe Jiménez,Inj,31,ATL,RP,,,,,,635,,,,,,,,,,,,,,
,,,Jackson Jobe,Inj,23,DET,SP,,,,,,1258,,,,,,,,,,,,,,
,,,Ryan Johnson,,23,LAA,RP,,,,,,992,,,,,,,,,,,,,,
,,,Ty Johnson,,24,TB,SP,,,,,,868,,,,,,,,,,,,,,
,,,Spencer Jones,,24,NYY,OF,,,,,,664,,,,,,,,,,,,,,
,,,Ben Joyce,Inj,25,LAA,RP,,,,,,552,,,,,,,,,,,,,,
,,,Max Kepler,,33,PHI,OF,,,,,,961,,,,,,,,,,,,,,
,,,George Klassen,,24,LAA,SP,,,,,,814,,,,,,,,,,,,,,
,,,Michael Kopech,,29,LAD,RP,,,,,,685,,,,,,,,,,,,,,
,,,Carlos Lagrange,,22,NYY,SP,,,,,,947,,,,,,,,,,,,,,
,,,Hao-Yu  Lee,,23,DET,3B,,,,,,1059,,,,,,,,,,,,,,
,,,Zack Littell,,30,CIN,SP,,,,,,457,,,,,,,,,,,,,,
,,,Pablo López,Inj,29,MIN,SP,,,,,,,,,,,,,,,,,,,,
,,,Nathaniel Lowe,,30,CIN,1B,,,,,,617,,,,,,,,,,,,,,
,,,Jesús Made,,18,MIL,SS,,,,,,939,,,,,,,,,,,,,,
,,,Justin Martinez,Inj,24,ARI,RP,,,,,,645,,,,,,,,,,,,,,
,,,Quinn Mathews,,25,STL,SP,,,,,,686,,,,,,,,,,,,,,
,,,Tanner McDougal,,22,CHW,SP,,,,,,803,,,,,,,,,,,,,,
,,,Troy Melton,Inj,25,DET,RP,SP,,,,,347,,,,,,,,,,,,,,
,,,Cristian Mena,Inj,23,ARI,SP,,,,,,872,,,,,,,,,,,,,,
,,,Carmen Mlodzinski,,27,PIT,RP,SP,,,,,557,,,,,,,,,,,,,,
,,,Keider Montero,,25,DET,SP,RP,,,,,796,,,,,,,,,,,,,,
,,,Lazaro Montes,,21,SEA,OF,,,,,,1119,,,,,,,,,,,,,,
,,,Dauri Moreta,,29,PIT,RP,,,,,,787,,,,,,,,,,,,,,
,,,Andrew Morris,,24,MIN,SP,,,,,,887,,,,,,,,,,,,,,
,,,Charlie Morton,,42,DET,SP,RP,,,,,899,,,,,,,,,,,,,,
,,,Tobias Myers,,27,NYM,RP,SP,,,,,693,,,,,,,,,,,,,,
,,,-,,31,LAD,DH,,,,,,,,,,,,,,,,,,,,
,,,-,,31,LAD,DH,,,,,,,,,,,,,,,,,,,,
,,,Reese Olson,Inj,26,DET,SP,,,,,,,,,,,,,,,,,,,,
,,,Marcell Ozuna,,35,PIT,DH,,,,$1,$1,247,,,,,,,,,,,,,,
,,,Mitchell Parker,,26,WSN,SP,,,,,,1015,,,,,,,,,,,,,,
,,,Ethan Pecko,,23,HOU,SP,,,,,,898,,,,,,,,,,,,,,
,,,Luis Perales,,22,WSN,SP,,,,,,927,,,,,,,,,,,,,,
,,,Chase Petty,,22,CIN,SP,,,,,,972,,,,,,,,,,,,,,
,,,Tommy Pham,,37,PIT,OF,,,,,,754,,,,,,,,,,,,,,
,,,Cade Povich,,25,BAL,SP,,,,,,596,,,,,,,,,,,,,,
,,,Cooper Pratt,,21,MIL,SS,,,,,,1123,,,,,,,,,,,,,,
,,,Connor Prielipp,,25,MIN,SP,,,,,,726,,,,,,,,,,,,,,
,,,Nelson Rada,,20,LAA,OF,,,,,,780,,,,,,,,,,,,,,
,,,Jacob Reimer,,22,NYM,3B,,,,,,1138,,,,,,,,,,,,,,
,,,Luis Rengifo,,29,MIL,3B,"2B,OF",,,,,442,,,,,,,,,,,,,,
,,,JR Ritchie,,22,ATL,SP,,,,,,746,,,,,,,,,,,,,,
,,,Bradgley Rodriguez,,22,SD,SP,RP,,,,,729,,,,,,,,,,,,,,
,,,Elmer Rodríguez,,22,NYY,SP,,,,,,539,,,,,,,,,,,,,,
,,,Héctor Rodríguez,,21,CIN,OF,,,,,,963,,,,,,,,,,,,,,
,,,Andrew Saalfrank,Inj,28,ARI,RP,,,,,,,,,,,,,,,,,,,,
,,,Ethan Salas,,19,SD,C,,,,,,623,,,,,,,,,,,,,,
,,,Gary Sánchez,,33,MIL,C,,,,,,816,,,,,,,,,,,,,,
,,,Jonathan Santucci,,23,NYM,SP,,,,,,1296,,,,,,,,,,,,,,
,,,Max Scherzer,Inj,41,TOR,SP,,,,,,528,,,,,,,,,,,,,,
,,,Noah Schultz,,22,CHW,SP,,,,,,775,,,,,,,,,,,,,,
,,,Christian Scott,Inj,26,NYM,SP,,,,,,588,,,,,,,,,,,,,,
,,,Hagen Smith,,22,CHW,SP,,,,,,855,,,,,,,,,,,,,,
,,,Robby Snelling,,22,MIA,SP,,,,,,333,,,,,,,,,,,,,,
,,,Khal Stephen,,23,CLE,SP,,,,,,1043,,,,,,,,,,,,,,
,,,Jarlin Susana,,21,WSN,SP,,,,,,951,,,,,,,,,,,,,,
,,,Travis Sykora,,21,WAS,SP,,,,,,1098,,,,,,,,,,,,,,
,,,Mike Tauchman,,35,NYM,OF,,,,,,1007,,,,,,,,,,,,,,
,,,Rowdy Tellez,,30,TEX,1B,,,,,,917,,,,,,,,,,,,,,
,,,Kai-Wei Teng,,27,HOU,SP,,,,,,859,,,,,,,,,,,,,,
,,,Sterlin Thompson,,24,COL,OF,,,,,,1076,,,,,,,,,,,,,,
,,,Blade Tidwell,,24,SF,SP,,,,,,915,,,,,,,,,,,,,,
,,,Ricky Tiedemann,Inj,23,TOR,SP,,,,,,805,,,,,,,,,,,,,,
,,,Michael Toglia,,27,CIN,1B,,,,,,885,,,,,,,,,,,,,,
,,,Payton Tolle,,23,BOS,SP,,,,,,430,,,,,,,,,,,,,,
,,,Ramón Urías,,31,STL,3B,2B,,,,,895,,,,,,,,,,,,,,
,,,Esmerlyn Valdez,,22,PIT,OF,,,,,,1030,,,,,,,,,,,,,,
,,,Ralphy Velazquez,,20,CLE,1B,,,,,,1102,,,,,,,,,,,,,,
,,,Sebastian Walcott,,19,TEX,SS,,,,,,612,,,,,,,,,,,,,,
,,,Ryan Ward,,28,LAD,OF,,,,,,848,,,,,,,,,,,,,,
,,,Tyler Wells,,31,BAL,SP,,,,,,449,,,,,,,,,,,,,,
,,,Jack Wenninger,,23,NYM,SP,,,,,,1066,,,,,,,,,,,,,,
,,,Joey Wentz,,28,ATL,RP,SP,,,,,924,,,,,,,,,,,,,,
,,,Hayden Wesneski,Inj,28,HOU,SP,,,,,,844,,,,,,,,,,,,,,
,,,Josh White,,25,MIA,SP,,,,,,662,,,,,,,,,,,,,,
,,,Thomas White,,21,MIA,SP,,,,,,431,,,,,,,,,,,,,,
,,,Jordan Wicks,Inj,26,CHC,SP,RP,,,,,753,,,,,,,,,,,,,,
,,,Jaxon Wiggins,,24,CHC,SP,,,,,,728,,,,,,,,,,,,,,
,,,Brock Wilken,,23,MIL,3B,,,,,,1061,,,,,,,,,,,,,,
,,,Justin Wilson,,38,BOS,RP,,,,,,660,,,,,,,,,,,,,,
,,,Justin Wrobleski,,25,LAD,RP,,,,,,708,,,,,,,,,,,,,,
,,,Craig Yoho,,26,MIL,RP,,,,,,812,,,,,,,,,,,,,,
,,,Unlisted Player 1,,,,,,,,,,,,,,,,,,,,,,,,
,,,Unlisted Player 2,,,,,,,,,,,,,,,,,,,,,,,,
,,,Unlisted Player 3,,,,,,,,,,,,,,,,,,,,,,,,
,,,Unlisted Player 4,,,,,,,,,,,,,,,,,,,,,,,,
,,,Unlisted Player 5,,,,,,,,,,,,,,,,,,,,,,,,
,,,Unlisted Player 6,,,,,,,,,,,,,,,,,,,,,,,,
,,,Unlisted Player 7,,,,,,,,,,,,,,,,,,,,,,,,
,,,Unlisted Player 8,,,,,,,,,,,,,,,,,,,,,,,,
,,,Unlisted Player 9,,,,,,,,,,,,,,,,,,,,,,,,
,,,Unlisted Player 10,,,,,,,,,,,,,,,,,,,,,,,,
,,,Unlisted Player 11,,,,,,,,,,,,,,,,,,,,,,,,
,,,Unlisted Player 12,,,,,,,,,,,,,,,,,,,,,,,,
,,,Unlisted Player 13,,,,,,,,,,,,,,,,,,,,,,,,
,,,Unlisted Player 14,,,,,,,,,,,,,,,,,,,,,,,,
,,,Unlisted Player 15,,,,,,,,,,,,,,,,,,,,,,,,
,,,Unlisted Player 16,,,,,,,,,,,,,,,,,,,,,,,,
,,,Unlisted Player 17,,,,,,,,,,,,,,,,,,,,,,,,
,,,Unlisted Player 18,,,,,,,,,,,,,,,,,,,,,,,,
,,,Unlisted Player 19,,,,,,,,,,,,,,,,,,,,,,,,
,,,Unlisted Player 20,,,,,,,,,,,,,,,,,,,,,,,,
,,,Unlisted Player 21,,,,,,,,,,,,,,,,,,,,,,,,
,,,Unlisted Player 22,,,,,,,,,,,,,,,,,,,,,,,,
,,,Unlisted Player 23,,,,,,,,,,,,,,,,,,,,,,,,
,,,Unlisted Player 24,,,,,,,,,,,,,,,,,,,,,,,,
,,,Unlisted Player 25,,,,,,,,,,,,,,,,,,,,,,,,
,,,,,,,,,,,,,,,,,,,,,,,,,,,
,,,,,,,,,,,,,,,,,,,,,,,,,,,
